2020-12-22 17:09:00,2020-12-22,17:09:00,fff15230-fdda-4421-a7b9-95d0dd22716d,ee05d6c7-fdb0-418c-873d-eeb9bcdc81d6,1,6981,7133,correction_feed_request_20201222,NA,NA
2020-12-22 17:09:00,2020-12-22,17:09:00,608e3b8d-71e0-4f43-b475-001793268ee7,7abd7920-0d8e-4f33-8ab7-5d961501620a,1,6981,7133,correction_feed_request_20201222,NA,NA
2020-12-22 17:09:00,2020-12-22,17:09:00,9d1df979-285a-4ae8-a998-d4737da5b865,0bf8baaf-ece1-4431-a6f5-17c3080c4a57,1,6981,7133,correction_feed_request_20201222,NA,NA
2020-12-22 17:09:00,2020-12-22,17:09:00,4160234c-5221-40b7-a91d-1756b452b9af,9501cfee-7847-44fc-8c02-06951f5dc664,1,6981,7133,correction_feed_request_20201222,NA,NA
2020-12-22 17:09:00,2020-12-22,17:09:00,29d00b42-8899-42ef-bfb8-1e20af181a8b,626a51db-b901-454a-8a9a-7d15c91d2566,1,6981,7133,correction_feed_request_20201222,NA,NA
2020-12-22 17:09:00,2020-12-22,17:09:00,3cb800df-cce4-473f-8451-ac11817cc55a,469a5a08-a8b4-467e-80b5-ca8aa2250aaf,1,6981,7133,correction_feed_request_20201222,NA,NA
2020-12-22 17:09:00,2020-12-22,17:09:00,cee7eeae-e310-43bf-a841-c962ac2a10a5,2c37a023-ef60-443b-8963-c07c6720b1b0,1,6981,7133,correction_feed_request_20201222,NA,NA
2020-12-22 17:09:00,2020-12-22,17:09:00,3cb800df-cce4-473f-8451-ac11817cc55a,db88a07d-97f3-4614-8d08-8f5d34b31651,1,6981,7133,correction_feed_request_20201222,NA,NA
2020-12-22 17:09:00,2020-12-22,17:09:00,3cb800df-cce4-473f-8451-ac11817cc55a,8fa507c1-bc45-4e1e-bb0b-7017bc03810a,1,6981,7133,correction_feed_request_20201222,NA,NA
2020-12-22 17:09:00,2020-12-22,17:09:00,697f41e5-8906-4a85-8745-e40679845e82,33645d61-28db-43f5-a2c9-c87f19598c40,1,6981,7133,correction_feed_request_20201222,NA,NA
2020-12-22 17:09:00,2020-12-22,17:09:00,d1b90b44-63c3-4684-8f66-2ae024d18118,84a20f94-5b51-41b0-b607-121ac44179c9,1,6981,7133,correction_feed_request_20201222,NA,NA
2020-12-22 17:09:00,2020-12-22,17:09:00,689fe41c-e7de-4ed7-b1b7-decd4d8297a1,5100d2c9-e64d-4862-adb9-446ebe22dd97,1,6981,7133,correction_feed_request_20201222,NA,NA
2020-12-22 17:09:00,2020-12-22,17:09:00,44cdaeb8-368a-494b-9d61-4156ce6e98eb,958cd9af-d8d3-4bc6-92e2-c12a5f7487c9,1,6981,7133,correction_feed_request_20201222,NA,NA
2020-12-22 17:09:00,2020-12-22,17:09:00,29d00b42-8899-42ef-bfb8-1e20af181a8b,5bc103fe-0b15-4850-864b-e2474661ee05,1,6981,7133,correction_feed_request_20201222,NA,NA
2020-12-22 17:09:00,2020-12-22,17:09:00,cee7eeae-e310-43bf-a841-c962ac2a10a5,79efb239-cd23-4eeb-a288-8537afcaaa1a,1,6981,7133,correction_feed_request_20201222,NA,NA
2020-12-22 17:09:00,2020-12-22,17:09:00,8bd828ff-12e3-41a0-bba6-0bf8d21af9f8,50b8d3f4-6f89-4b43-8ac0-56e00626e6b1,1,6981,7133,correction_feed_request_20201222,NA,NA
2020-12-22 17:09:00,2020-12-22,17:09:00,697f41e5-8906-4a85-8745-e40679845e82,d8aec6f0-b42c-4cd1-802e-02b7d63c52c9,1,6981,7133,correction_feed_request_20201222,NA,NA
2020-12-22 17:09:00,2020-12-22,17:09:00,4b66a402-eb1e-4dc9-92ba-d6b60b939c26,7bc064b6-6341-4e3e-9724-d42e5cd54a46,1,6981,7133,correction_feed_request_20201222,NA,NA
2020-12-22 17:09:00,2020-12-22,17:09:00,d0d39587-fecf-4034-b74d-e1ca075b8a4b,e2265052-56b8-4fe6-84a4-ecd4bd8939e4,1,6981,7133,correction_feed_request_20201222,NA,NA
2020-12-22 17:09:00,2020-12-22,17:09:00,36829bee-95df-4118-bf48-b4b66c215ca3,db31cc1c-43ac-451d-a1ae-f9ef82e1ea75,1,6981,7133,correction_feed_request_20201222,NA,NA
2020-12-22 17:09:00,2020-12-22,17:09:00,36829bee-95df-4118-bf48-b4b66c215ca3,0d2dc18f-e390-487b-9a89-ca56bcb0d144,1,6981,7133,correction_feed_request_20201222,NA,NA
2020-12-22 17:09:00,2020-12-22,17:09:00,656aa628-2e92-42ca-9bc2-068c1ba772f6,85377b54-8010-41d7-96b4-6bfecb7b077f,1,6981,7133,correction_feed_request_20201222,NA,NA