Report_Date,business_date,batch_timestamp,account_uuid,plan_uuid,schedule_id,institution_id,Product_ID,error
2020-07-16 19:05:25,2020-07-16,19:05:25,cd7abdb6-c3f7-47cc-8ada-8df9b690b3f0,da10778f-822c-4cc6-9891-7620887663a2,1,6981,7133,ManualPlanIDCorrection
2020-07-16 19:05:25,2020-07-16,19:05:25,f2526269-d76a-4cfe-a089-1003cb07581d,19298c53-b40c-406f-aa60-fd99af923df2,1,6981,7133,ManualPlanIDCorrection
2020-07-16 19:05:25,2020-07-16,19:05:25,4c1dd4c8-8b19-4fbf-87b3-84d669f1cd92,ac46b8d4-9feb-4bf7-a99c-0313c76442cf,1,6981,7133,ManualPlanIDCorrection
2020-07-16 19:05:25,2020-07-16,19:05:25,8c922a7b-a382-4904-a80c-1d91613570ae,10a4b466-d61b-4acd-b0a2-a181e0c0c82a,1,6981,7133,ManualPlanIDCorrection
2020-07-16 19:05:25,2020-07-16,19:05:25,b77d90e8-0d5b-4546-b303-aa7f63ca2d5d,d15a0222-6156-41d9-bd73-696c45c65b7d,1,6981,7133,ManualPlanIDCorrection
2020-07-16 19:05:25,2020-07-16,19:05:25,c2286c54-2668-4fb4-bcd5-fb2af0043880,f0409e8e-e55a-4a46-bb2f-ef45adbafb1e,1,6981,7133,ManualPlanIDCorrection
2020-07-16 19:05:25,2020-07-16,19:05:25,79db0d35-189d-4587-89dd-887b79e9d480,caf9ded9-04ad-45c1-80ce-a43e1916a5e2,1,6981,7133,ManualPlanIDCorrection
2020-07-16 19:05:25,2020-07-16,19:05:25,e2ae57b3-49e5-4924-83da-d74a6d03cb58,56e9ede0-f2ca-434f-8c81-84babc41deab,1,6981,7133,ManualPlanIDCorrection
2020-07-16 19:05:25,2020-07-16,19:05:25,e2ae57b3-49e5-4924-83da-d74a6d03cb58,d043697d-e262-4b7d-bb2f-030f92edbb0e,1,6981,7133,ManualPlanIDCorrection
2020-07-16 19:05:25,2020-07-16,19:05:25,1ab0d032-5b4e-4210-9c4a-13ad06e96c83,7f605f92-5bfc-4e2d-bdc4-b618973dd5c4,1,6981,7133,ManualPlanIDCorrection
2020-07-16 19:05:25,2020-07-16,19:05:25,e2c19a94-84c4-4858-a1d0-3e577149636c,9026a135-0883-4814-ac08-e001c76b822e,1,6981,7133,ManualPlanIDCorrection
2020-07-16 19:05:25,2020-07-16,19:05:25,4b94245e-0702-4d74-8afe-3124081e2042,4f5d0412-261b-41a3-8c49-5d4715277050,1,6981,7133,ManualPlanIDCorrection
2020-07-16 19:05:25,2020-07-16,19:05:25,90d1bbf8-5fe7-40ab-a284-81ba0363f2fe,292789e5-0091-4d22-b61d-8fa54c12704b,1,6981,7133,ManualPlanIDCorrection
2020-07-16 19:05:25,2020-07-16,19:05:25,738bcc23-0e24-4190-95f6-73b67687948f,8f0159de-a484-4d14-b89f-d01e8ac1f1ae,1,6981,7133,ManualPlanIDCorrection
2020-07-16 19:05:25,2020-07-16,19:05:25,345a8422-804e-4edc-9e1c-09eb875054de,f021235a-9de1-4bd2-a4e5-3d045c29b0c4,1,6981,7133,ManualPlanIDCorrection
2020-07-16 19:05:25,2020-07-16,19:05:25,bc33818b-3e04-4aba-a700-0c7728c271ea,a87b3b86-9807-4e89-a8cd-fe2e590b4d4e,1,6981,7133,ManualPlanIDCorrection
2020-07-16 19:05:25,2020-07-16,19:05:25,aa99e959-3297-4b3c-891f-a149f599cfa7,b65c4872-3db9-4d76-86d5-14b4fbc654a0,1,6981,7133,ManualPlanIDCorrection
2020-07-16 19:05:25,2020-07-16,19:05:25,6e7aa1b5-2a34-48f4-82bc-816142010b49,267c0b35-355d-43c7-af6f-254bde63d8d7,1,6981,7133,ManualPlanIDCorrection
2020-07-16 19:05:25,2020-07-16,19:05:25,97e7a66b-0e5a-4d26-9637-8c1f1f92062e,2cefbdc0-2d85-4dd5-a758-a57471e3ad78,1,6981,7133,ManualPlanIDCorrection
2020-07-16 19:05:25,2020-07-16,19:05:25,207a3071-3a6a-46a4-81d9-6348bac63b48,504fd724-550a-4b74-a1da-9deb8ab82159,1,6981,7133,ManualPlanIDCorrection
2020-07-16 19:05:25,2020-07-16,19:05:25,5cbbdb8a-608d-4ccb-94f3-8ffe507cd00a,ee9f8b7b-9e7c-4054-817c-1736752fde06,1,6981,7133,ManualPlanIDCorrection
2020-07-16 19:05:25,2020-07-16,19:05:25,4848ceea-3f1e-4618-bfab-80f7ffa0de5b,995e4b9c-d8e1-4453-9081-32534a571e8e,1,6981,7133,ManualPlanIDCorrection
2020-07-16 19:05:25,2020-07-16,19:05:25,dd1948c9-00ec-4375-a4eb-718cc6288c7b,a444d8de-c6cf-434d-92aa-251a8249ad77,1,6981,7133,ManualPlanIDCorrection
2020-07-16 19:05:25,2020-07-16,19:05:25,5418f722-429c-42ca-96c4-05185a52e0d7,2e804ebb-d641-4da9-9df0-0d42c06fb617,1,6981,7133,ManualPlanIDCorrection
2020-07-16 19:05:25,2020-07-16,19:05:25,ff08a8e4-bef4-4c2f-8071-aae42562943b,f036be24-7670-40df-8963-abdd41c57b72,1,6981,7133,ManualPlanIDCorrection
2020-07-16 19:05:25,2020-07-16,19:05:25,1992ed1c-bb7f-42cf-8d33-cbcb53922688,d97713c7-b532-4e9b-967d-36efa71e873f,1,6981,7133,ManualPlanIDCorrection
2020-07-16 19:05:25,2020-07-16,19:05:25,8134df41-0b1f-4d31-bd91-f03749e533eb,51581b47-1ead-4ce3-b9b0-380206141c9d,1,6981,7133,ManualPlanIDCorrection
2020-07-16 19:05:25,2020-07-16,19:05:25,41835470-d396-4f84-83f3-69578e6d982c,883b1493-b6a4-4ed9-b9b9-515a8d05f998,1,6981,7133,ManualPlanIDCorrection
2020-07-16 19:05:25,2020-07-16,19:05:25,9ebf96db-7152-464a-b668-c80cfe474881,50921635-3752-4303-b521-f3595c7203d9,1,6981,7133,ManualPlanIDCorrection
2020-07-16 19:05:25,2020-07-16,19:05:25,b0ff255a-38b1-407f-9269-cf16522ec80d,e825df10-045d-4b98-b9aa-429bb491a0c4,1,6981,7133,ManualPlanIDCorrection
2020-07-16 19:05:25,2020-07-16,19:05:25,36e59572-8c82-4a05-a403-9bc569e7fdb4,817de95a-1ea3-4e41-ad60-67bba4b88e30,1,6981,7133,ManualPlanIDCorrection
2020-07-16 19:05:25,2020-07-16,19:05:25,69571893-5918-4d1d-92ce-932ac787aa7b,98e226a1-4d1e-489a-96ac-d9178b5f9071,1,6981,7133,ManualPlanIDCorrection
2020-07-16 19:05:25,2020-07-16,19:05:25,69990f0f-392c-4dd7-b5d1-1ed64ad76a5c,fac4321b-95fd-4bd6-9d44-dc8ce5933f6a,1,6981,7133,ManualPlanIDCorrection
2020-07-16 19:05:25,2020-07-16,19:05:25,6ce2ee19-134d-4add-bf7e-e6e1bf0d6d12,9177b392-78ee-4f3c-8d03-501f00ddba3d,1,6981,7133,ManualPlanIDCorrection
2020-07-16 19:05:25,2020-07-16,19:05:25,d7e4fa0b-a4a3-462d-af9e-681184c0b2fb,f2712cc8-7b11-4fe4-bb0c-31d675b0c6c2,1,6981,7133,ManualPlanIDCorrection
2020-07-16 19:05:25,2020-07-16,19:05:25,598d1e46-63d4-4edb-9219-3d8facba9eeb,6b4a9077-5472-442e-9cf0-75d220d548e6,1,6981,7133,ManualPlanIDCorrection
2020-07-16 19:05:25,2020-07-16,19:05:25,d0b9891b-7d87-4c90-bdc3-b4388008394a,b7b2d0c0-0371-432c-9a0a-40d04836ad28,1,6981,7133,ManualPlanIDCorrection
2020-07-16 19:05:25,2020-07-16,19:05:25,7fc2eeec-9a86-4085-a61e-6ce7e4b4432f,a39d6b3d-8bbb-4795-82e1-7dcec4338177,1,6981,7133,ManualPlanIDCorrection
2020-07-16 19:05:25,2020-07-16,19:05:25,4bb5ffe7-2792-4473-a330-536c93da2685,aa570acf-51e7-4b39-a5a2-e35e57ca3146,1,6981,7133,ManualPlanIDCorrection
2020-07-16 19:05:25,2020-07-16,19:05:25,693f86c8-0a89-441e-89ef-c2ea2e22d66d,dd9e3cb8-55fd-4a7e-b456-2a61a1061fea,1,6981,7133,ManualPlanIDCorrection
2020-07-16 19:05:25,2020-07-16,19:05:25,d3e6da2b-15c8-4aa9-a0ea-bc1e247db524,92dfdc4c-d555-4e89-8d46-36f62e12d5e1,1,6981,7133,ManualPlanIDCorrection
2020-07-16 19:05:25,2020-07-16,19:05:25,1d449d80-6233-48d0-bb39-5e81737539af,b75965e5-698e-4363-87dd-332d0d47a608,1,6981,7133,ManualPlanIDCorrection
2020-07-16 19:05:25,2020-07-16,19:05:25,b3d56676-8d28-4996-b70c-da942c7edf5a,8c7fc52c-e9d6-48a8-85a1-b1f1e22d0cbc,1,6981,7133,ManualPlanIDCorrection
2020-07-16 19:05:25,2020-07-16,19:05:25,43f5dd7f-d215-468f-b76d-3b95b22071bd,29510aa6-2677-4d03-bc7e-17b356f58203,1,6981,7133,ManualPlanIDCorrection
2020-07-16 19:05:25,2020-07-16,19:05:25,1b3245ed-17ec-4c3d-bd04-8643669675be,37d558c2-b97f-4de1-874e-8e526fbda80a,1,6981,7133,ManualPlanIDCorrection
2020-07-16 19:05:25,2020-07-16,19:05:25,cec87dfd-2045-4a97-8577-480eac8d45b7,8d3b852b-9088-4390-b3a4-d048d394eada,1,6981,7133,ManualPlanIDCorrection
2020-07-16 19:05:25,2020-07-16,19:05:25,f2fc252d-6e1f-41cc-9174-d99d6e16b7bc,6581c3f2-5f61-43a5-8aef-96394b0fec12,1,6981,7133,ManualPlanIDCorrection
2020-07-16 19:05:25,2020-07-16,19:05:25,f9c17e05-2b28-451c-abd7-e8f4b12be51c,ff89fc25-2c0d-4ec1-9578-537a3d162cd0,1,6981,7133,ManualPlanIDCorrection
2020-07-16 19:05:25,2020-07-16,19:05:25,5052e8ac-ab0f-4819-a65b-c19ae623f5ab,cbf86e1c-6742-4147-996e-5733d2828d63,1,6981,7133,ManualPlanIDCorrection
2020-07-16 19:05:25,2020-07-16,19:05:25,bc1e4cc9-3309-4418-adbd-929bbb31d338,e5e15940-416e-4935-979e-3a136fec76f2,1,6981,7133,ManualPlanIDCorrection
2020-07-16 19:05:25,2020-07-16,19:05:25,bc1e4cc9-3309-4418-adbd-929bbb31d338,5a10537a-d179-470d-9a6b-a2ff16ad2f68,1,6981,7133,ManualPlanIDCorrection
2020-07-16 19:05:25,2020-07-16,19:05:25,bc1e4cc9-3309-4418-adbd-929bbb31d338,6a3186a5-2997-46ee-b874-59763d93e7dc,1,6981,7133,ManualPlanIDCorrection
2020-07-16 19:05:25,2020-07-16,19:05:25,fe6b71dc-5fdc-48b4-ac7e-2c463d7500a0,ce8fca81-eadf-42a0-8ccd-72041694a7cb,1,6981,7133,ManualPlanIDCorrection
2020-07-16 19:05:25,2020-07-16,19:05:25,45fa73b5-be73-4e76-aeb9-1a25df209997,08bcc8a3-33d7-4f3b-b747-e55182bda1f1,1,6981,7133,ManualPlanIDCorrection
2020-07-16 19:05:25,2020-07-16,19:05:25,a66d5ff8-9a6f-4abc-82d1-4f5cdc3e15af,b5c6a6ff-8c84-441a-8639-c525556245fc,1,6981,7133,ManualPlanIDCorrection
2020-07-16 19:05:25,2020-07-16,19:05:25,86eb296c-46ac-4e1c-ae3c-f5683960adca,7ab1cf75-4380-4cf8-83bb-81a650ede5dc,1,6981,7133,ManualPlanIDCorrection
2020-07-16 19:05:25,2020-07-16,19:05:25,c4300695-c19a-40fa-b40e-8f7523ccb18a,2bc71962-0e10-4b21-965d-518e1037fa40,1,6981,7133,ManualPlanIDCorrection
2020-07-16 19:05:25,2020-07-16,19:05:25,30e5ae40-f812-43ae-8ea3-d5e3c0fd53ab,e9d578d2-99b9-47f8-bbd3-14eec09001b7,1,6981,7133,ManualPlanIDCorrection
2020-07-16 19:05:25,2020-07-16,19:05:25,ddf45cdb-94f6-436c-b162-d2c0afd6786f,85910cad-a5c3-4d64-aed2-07a0b5219a4d,1,6981,7133,ManualPlanIDCorrection
2020-07-16 19:05:25,2020-07-16,19:05:25,917cc92c-1d30-482a-a5ec-9a36adba887d,a33249d4-96c8-43cb-8475-f5c2aa4a70d2,1,6981,7133,ManualPlanIDCorrection
2020-07-16 19:05:25,2020-07-16,19:05:25,bdafa05c-de96-4602-9aef-61a276c37612,c0613e92-b194-4dbb-ae18-be7ebd5cf426,1,6981,7133,ManualPlanIDCorrection
2020-07-16 19:05:25,2020-07-16,19:05:25,a77c2bb4-a78a-4c11-af8c-8a8129685a08,b1015222-a487-4a46-acfb-a756f1cb34a2,1,6981,7133,ManualPlanIDCorrection
2020-07-16 19:05:25,2020-07-16,19:05:25,b8d1a5b2-3fc7-4fec-b083-0092123ebd2c,482c16a1-51cc-459e-8d1b-d9b84d9fda4d,1,6981,7133,ManualPlanIDCorrection
2020-07-16 19:05:25,2020-07-16,19:05:25,0726f22c-fae5-4aab-9cd5-9434db89785e,c7c7914d-a978-447d-b0fd-21c7bab8e28f,1,6981,7133,ManualPlanIDCorrection
2020-07-16 19:05:25,2020-07-16,19:05:25,eb2ce825-c121-4399-baa1-63f3abcf6640,98b45d40-bc42-47be-be65-e84bb00f3808,1,6981,7133,ManualPlanIDCorrection
2020-07-16 19:05:25,2020-07-16,19:05:25,6afd9146-bac3-4fdf-a374-8118a91fad32,954842c8-18cd-413e-afda-05b0504e5fdb,1,6981,7133,ManualPlanIDCorrection
2020-07-16 19:05:25,2020-07-16,19:05:25,6afd9146-bac3-4fdf-a374-8118a91fad32,a8187ad9-d7d3-4479-999f-f5b6d3eba967,1,6981,7133,ManualPlanIDCorrection
2020-07-16 19:05:25,2020-07-16,19:05:25,534c222c-4e06-4db6-a8db-dbfed275f13a,8240a199-57b7-4532-bbb1-aa5ee157842d,1,6981,7133,ManualPlanIDCorrection
2020-07-16 19:05:25,2020-07-16,19:05:25,cd7add78-e032-4e33-ace9-75e2515a0cb5,bdf61d4c-58a7-4430-abd6-fa0571641de3,1,6981,7133,ManualPlanIDCorrection
2020-07-16 19:05:25,2020-07-16,19:05:25,df048dc1-e14c-4748-a251-a507a81561d7,fefca8b6-8fd2-4f51-b3b9-391bac26d633,1,6981,7133,ManualPlanIDCorrection
2020-07-16 19:05:25,2020-07-16,19:05:25,d0c1f316-5acf-42d0-9012-1c3ddddc0215,d36c9c1b-3626-4c20-9fd6-6910df9dac69,1,6981,7133,ManualPlanIDCorrection
2020-07-16 19:05:25,2020-07-16,19:05:25,c7a880b1-86b7-4ca1-9451-93675f5ac55d,fee5c18f-2561-4d75-862d-193942daf077,1,6981,7133,ManualPlanIDCorrection
2020-07-16 19:05:25,2020-07-16,19:05:25,dde82b6b-627c-4223-9525-a89ee98aaeef,9423bf58-f86b-406d-8ab9-c3aea61dd5a6,1,6981,7133,ManualPlanIDCorrection
2020-07-16 19:05:25,2020-07-16,19:05:25,ffeb411a-d33f-4cff-a778-2554bf3ebd6c,d9feb59b-d4d9-4169-927e-213002b72e14,1,6981,7133,ManualPlanIDCorrection
2020-07-16 19:05:25,2020-07-16,19:05:25,6a5a9c5d-d1b4-4a7a-888e-0d0f5fd31811,7081e84d-90f2-48bf-aa01-9eb808c208cc,1,6981,7133,ManualPlanIDCorrection
2020-07-16 19:05:25,2020-07-16,19:05:25,1be01ee9-a86b-49d0-b505-2385caf32db7,98e03f1e-029d-4921-a034-5b6b34643281,1,6981,7133,ManualPlanIDCorrection
2020-07-16 19:05:25,2020-07-16,19:05:25,1be01ee9-a86b-49d0-b505-2385caf32db7,defb5446-efbd-4881-b942-06ed9142bd14,1,6981,7133,ManualPlanIDCorrection
2020-07-16 19:05:25,2020-07-16,19:05:25,ba06bb33-09ab-4782-90e2-e554fbb9bece,a313d4e7-3626-428a-87b5-a3c6c5952432,1,6981,7133,ManualPlanIDCorrection
2020-07-16 19:05:25,2020-07-16,19:05:25,b1bdf335-32a0-49ab-9dba-0bbb1debb50a,ea0a10cf-b970-4aee-8608-28ab81928cec,1,6981,7133,ManualPlanIDCorrection
2020-07-16 19:05:25,2020-07-16,19:05:25,e45d1fba-3d34-4dd6-9cc8-b91dacfe61ef,cb8ef26a-199a-4e1c-b5d9-987047872556,1,6981,7133,ManualPlanIDCorrection
2020-07-16 19:05:25,2020-07-16,19:05:25,cd2f7866-285f-4b0e-ab93-85f527d6cb24,427f0c58-58ee-4674-993a-706863229146,1,6981,7133,ManualPlanIDCorrection
2020-07-16 19:05:25,2020-07-16,19:05:25,0ee2bc53-63a8-4b5b-b149-4d6395558664,2553810c-8564-490d-ae87-e508ebec3de9,1,6981,7133,ManualPlanIDCorrection
2020-07-16 19:05:25,2020-07-16,19:05:25,a5097aa4-e397-4288-8eff-65a0159d2d13,c44bb08d-6bcb-4cee-9d51-d43e7c7392c5,1,6981,7133,ManualPlanIDCorrection
2020-07-16 19:05:25,2020-07-16,19:05:25,78569cd7-bc6f-45c1-a14f-acca079c7d3f,d42ae776-aa88-46d3-a35b-3202a34237a2,1,6981,7133,ManualPlanIDCorrection
2020-07-16 19:05:25,2020-07-16,19:05:25,d64ce212-06d2-4346-9f2d-53fcc6f362e3,28931233-ce8d-47db-9a67-7f0c35f8d9f2,1,6981,7133,ManualPlanIDCorrection
2020-07-16 19:05:25,2020-07-16,19:05:25,e048c7af-e538-4740-bdd9-1844d43c46c4,b9dc0924-3cdb-427a-902d-d3ae397533a3,1,6981,7133,ManualPlanIDCorrection
2020-07-16 19:05:25,2020-07-16,19:05:25,559ff484-76f7-43c4-bbfb-455d3d78a439,9975832d-ca16-4873-962f-6daa07967cb1,1,6981,7133,ManualPlanIDCorrection
2020-07-16 19:05:25,2020-07-16,19:05:25,ce635a72-7ddb-4432-b1de-63f813a9fad6,c97437d7-fc94-4aa5-977b-a24ccda43bce,1,6981,7133,ManualPlanIDCorrection
2020-07-16 19:05:25,2020-07-16,19:05:25,b922cd27-c496-4a95-9cbd-66f135d15403,ecde61ea-5690-4b28-8092-60774825465c,1,6981,7133,ManualPlanIDCorrection
2020-07-16 19:05:25,2020-07-16,19:05:25,afe6ce79-9eff-47be-8f4c-bd79032f3c48,d6c5070d-25b9-40f0-b452-a236fa289a79,1,6981,7133,ManualPlanIDCorrection
2020-07-16 19:05:25,2020-07-16,19:05:25,2d0cc0f9-3de7-4ae7-8631-a52afcaa1306,da54e29d-586a-4245-867b-77521b3cf7b5,1,6981,7133,ManualPlanIDCorrection
2020-07-16 19:05:25,2020-07-16,19:05:25,5a43aa96-73ba-4463-b27e-8cb249223ffe,fb5a5bf7-7684-4b68-a9f6-d15bf29234b6,1,6981,7133,ManualPlanIDCorrection
2020-07-16 19:05:25,2020-07-16,19:05:25,0ee5502f-52ac-4ea4-9ad4-f0e702841f96,e2f1c566-d17e-4f14-afff-62a1a6c87076,1,6981,7133,ManualPlanIDCorrection
2020-07-16 19:05:25,2020-07-16,19:05:25,b271081e-11f0-4044-a7a5-ed0bf8ab0ed9,47b242b8-ac51-474b-8096-567fc0ccc517,1,6981,7133,ManualPlanIDCorrection
2020-07-16 19:05:25,2020-07-16,19:05:25,7406c4bb-1a18-4d79-952a-0a71e775249e,59844a13-b2c2-405e-aa9a-b9fca775aa83,1,6981,7133,ManualPlanIDCorrection
2020-07-16 19:05:25,2020-07-16,19:05:25,7de5ba24-fc5e-4bfe-b713-79da9b56f129,4d414e23-dc58-4077-9640-7adfcde77a81,1,6981,7133,ManualPlanIDCorrection
2020-07-16 19:05:25,2020-07-16,19:05:25,af48afda-4f94-44c2-8561-e952b6c3e245,8df26299-c165-4984-8705-c399aaf12e5a,1,6981,7133,ManualPlanIDCorrection
2020-07-16 19:05:25,2020-07-16,19:05:25,c4fd9538-0a4b-4037-ab29-4d78ee7a7368,a6ed89dd-6ade-439f-878a-0fdb282f50b7,1,6981,7133,ManualPlanIDCorrection
2020-07-16 19:05:25,2020-07-16,19:05:25,79fc2975-f6de-4d98-bd57-fb345e1004b4,33341436-7bc8-4aff-9715-a82eb8f4619b,1,6981,7133,ManualPlanIDCorrection
2020-07-16 19:05:25,2020-07-16,19:05:25,98add9ef-c841-46c4-9707-4750ba644a6b,b9195004-bf36-41fb-90e1-586c168cf1f1,1,6981,7133,ManualPlanIDCorrection
2020-07-16 19:05:25,2020-07-16,19:05:25,25be78c1-79c8-45c2-8ef8-712835d3f51a,3f96167a-4089-439c-9bdd-550eb3556091,1,6981,7133,ManualPlanIDCorrection
2020-07-16 19:05:25,2020-07-16,19:05:25,88f9f694-4b62-4655-bdd0-99ed6e58257b,963eac07-5319-4c4b-9b27-ceb8b047dcdc,1,6981,7133,ManualPlanIDCorrection
2020-07-16 19:05:25,2020-07-16,19:05:25,f99be9b3-4893-4572-9902-19ba243ba48b,6e589f52-9459-4363-8213-189d682a3278,1,6981,7133,ManualPlanIDCorrection
2020-07-16 19:05:25,2020-07-16,19:05:25,f77bb2dc-2e37-44f4-9264-690dc36d0acf,ed62116d-21dc-45a0-8692-b6bf20153bb4,1,6981,7133,ManualPlanIDCorrection
2020-07-16 19:05:25,2020-07-16,19:05:25,e66874ef-5407-43e7-b9f5-5b53a2ef6f1e,a04c12aa-70e8-415a-930b-d64bfc0e2891,1,6981,7133,ManualPlanIDCorrection
2020-07-16 19:05:25,2020-07-16,19:05:25,24296e1d-19c1-4d34-89fa-b84d287f4782,bacaf1cc-5304-4575-bb1a-726e13b24b59,1,6981,7133,ManualPlanIDCorrection
2020-07-16 19:05:25,2020-07-16,19:05:25,b748b735-94fb-47ba-9740-91671a45104a,a9e854b6-5a98-4773-a4f2-8ebc948ced9d,1,6981,7133,ManualPlanIDCorrection
2020-07-16 19:05:25,2020-07-16,19:05:25,fc78f850-e30b-48e0-b11d-056ebda9290f,ce5972dd-90b7-4bfe-be14-9286dd31c5c6,1,6981,7133,ManualPlanIDCorrection
2020-07-16 19:05:25,2020-07-16,19:05:25,5d807305-743f-4dc3-9431-611f58b8e62d,ad5a3939-440a-4e00-b753-ecd9a8421bb3,1,6981,7133,ManualPlanIDCorrection
2020-07-16 19:05:25,2020-07-16,19:05:25,6686f358-16ca-40ec-9ec9-2618aeb20654,3d450c9f-9808-429f-859e-67aa12fb0ca5,1,6981,7133,ManualPlanIDCorrection
2020-07-16 19:05:25,2020-07-16,19:05:25,2f069868-07b2-4daf-97a8-6cde1aa2edb9,625dbf79-d607-42e8-84b5-8685d42f8107,1,6981,7133,ManualPlanIDCorrection
2020-07-16 19:05:25,2020-07-16,19:05:25,6d5f649d-da0d-4b29-bef5-614b202fe792,e814c4c5-1ae1-4101-a920-409238dd6614,1,6981,7133,ManualPlanIDCorrection
2020-07-16 19:05:25,2020-07-16,19:05:25,103007db-5fd0-4ddd-bfb4-fa59ccf8a59d,77af3b53-bd24-4a25-ba1e-8faca16718d5,1,6981,7133,ManualPlanIDCorrection
2020-07-16 19:05:25,2020-07-16,19:05:25,d62811c1-5ddf-407c-82e9-905e3bb77f05,dcffdea5-4d63-40de-895c-60fb0636cb26,1,6981,7133,ManualPlanIDCorrection
2020-07-16 19:05:25,2020-07-16,19:05:25,344058db-3748-43e7-adc2-65292c1ca227,f93c4d0b-a688-46d1-a6aa-838b70ef8bb9,1,6981,7133,ManualPlanIDCorrection
2020-07-16 19:05:25,2020-07-16,19:05:25,d404676f-d116-443a-bb11-9f888422db82,1ed201c2-6376-4ea3-860b-fbb97d30e3cd,1,6981,7133,ManualPlanIDCorrection
2020-07-16 19:05:25,2020-07-16,19:05:25,5648ee26-8609-4e52-82a8-093f92ff9546,3f1644da-4ad4-4ca4-a29b-b91b2f05a4d5,1,6981,7133,ManualPlanIDCorrection
2020-07-16 19:05:25,2020-07-16,19:05:25,d18ee1a7-c0ad-4897-bdec-c470ef8373d4,d49a3727-b630-4000-9ec8-a8d56ac9d616,1,6981,7133,ManualPlanIDCorrection
2020-07-16 19:05:25,2020-07-16,19:05:25,d71197f6-4994-4b91-9e6a-578a223ea972,92ba2ce8-60cf-4ccb-a2d3-7b4300877680,1,6981,7133,ManualPlanIDCorrection
2020-07-16 19:05:25,2020-07-16,19:05:25,1def5136-3e99-4e42-a87a-f5be24bcbf72,5aca5453-f2d3-40b0-8e4b-a47dfffb0981,1,6981,7133,ManualPlanIDCorrection
2020-07-16 19:05:25,2020-07-16,19:05:25,aa3378c1-200a-46fb-ac1c-867337911f1c,b283978e-78e5-4ada-9a5b-8c1da1500634,1,6981,7133,ManualPlanIDCorrection
2020-07-16 19:05:25,2020-07-16,19:05:25,9e1e80f5-f639-4f7e-918a-13a078ab6741,ce2c18e1-f2cf-4168-a3af-0c1652d087fc,1,6981,7133,ManualPlanIDCorrection
2020-07-16 19:05:25,2020-07-16,19:05:25,a08fdd58-0cb0-4362-b211-33132fb3bc62,4d2943d8-5dee-4a40-93bb-36c359ef87dc,1,6981,7133,ManualPlanIDCorrection
2020-07-16 19:05:25,2020-07-16,19:05:25,3b40071c-1fc1-4de4-9bc4-2b0b3065744c,02aae7a2-3648-4466-8cac-dc49af960cbc,1,6981,7133,ManualPlanIDCorrection
2020-07-16 19:05:25,2020-07-16,19:05:25,3b40071c-1fc1-4de4-9bc4-2b0b3065744c,631e4b29-2647-4891-a05f-d31d8ea5b775,1,6981,7133,ManualPlanIDCorrection
2020-07-16 19:05:25,2020-07-16,19:05:25,ab7d972b-5626-4748-8c9a-11cc63e4abbf,fa6e41b3-d069-4181-bb34-d6c147b85c0c,1,6981,7133,ManualPlanIDCorrection
2020-07-16 19:05:25,2020-07-16,19:05:25,91851561-85a2-4855-a037-db2bf350114d,728b85cb-2a26-4d94-b356-903df93d988a,1,6981,7133,ManualPlanIDCorrection
2020-07-16 19:05:25,2020-07-16,19:05:25,72de2312-917e-462b-a1a9-dcaf3d81797c,7e217731-b7f2-45ef-a419-dc077724f135,1,6981,7133,ManualPlanIDCorrection
2020-07-16 19:05:25,2020-07-16,19:05:25,811ce8a9-6eda-43d2-beb4-f80867a019b7,f3d31d45-cc2c-490c-8273-41f5394bd42e,1,6981,7133,ManualPlanIDCorrection
2020-07-16 19:05:25,2020-07-16,19:05:25,03f1ad34-ae46-46e6-a544-336c3afe209e,90465e4b-18dd-43c8-9b2b-20a0329cb3b4,1,6981,7133,ManualPlanIDCorrection
2020-07-16 19:05:25,2020-07-16,19:05:25,ec817bd5-2de0-4cd9-8dd6-97048f70a90a,3ed57adf-e2a2-45c6-bdc3-39a930d05e5d,1,6981,7133,ManualPlanIDCorrection
2020-07-16 19:05:25,2020-07-16,19:05:25,e5a53981-bc98-453b-a98e-a6d15d656052,a7dff963-be9d-456a-91bc-872d50545c7d,1,6981,7133,ManualPlanIDCorrection
2020-07-16 19:05:25,2020-07-16,19:05:25,a6dd7495-4cbb-410e-827d-a3656173727d,c9dacf29-2936-40f8-ac91-e99cb2bdcdf8,1,6981,7133,ManualPlanIDCorrection
2020-07-16 19:05:25,2020-07-16,19:05:25,3ee27200-a342-413b-9501-16bd3bc19f08,ed51d160-1f45-43ab-8ddc-4d0b3519cc83,1,6981,7133,ManualPlanIDCorrection
2020-07-16 19:05:25,2020-07-16,19:05:25,5f364332-83be-483b-afa1-a1ee2d7a9462,bb1ca7e9-25e1-4f7a-85ce-78d83fb31d46,1,6981,7133,ManualPlanIDCorrection
2020-07-16 19:05:25,2020-07-16,19:05:25,93315dc5-d1f2-4631-9116-9fddaf7b72c5,ec3101cc-f5e4-48be-afc5-bac20dca3736,1,6981,7133,ManualPlanIDCorrection
2020-07-16 19:05:25,2020-07-16,19:05:25,8fa618e1-068d-4ac5-a751-effed2015387,54a8b123-2e6e-4b60-9f19-987f110d66b6,1,6981,7133,ManualPlanIDCorrection
2020-07-16 19:05:25,2020-07-16,19:05:25,c0488c3a-03ef-4d9d-935e-bee100fd49e6,dce433ec-8df4-470f-a6ad-5e9601af6c91,1,6981,7133,ManualPlanIDCorrection
2020-07-16 19:05:25,2020-07-16,19:05:25,e33d1a0c-8234-4caf-b982-277a20ac52ed,ed5a3540-6522-4e92-b7d1-4407c0cfb559,1,6981,7133,ManualPlanIDCorrection
2020-07-16 19:05:25,2020-07-16,19:05:25,3ab1e2af-9e71-4923-bb9b-7f6a0cb54c9b,d9e3a58b-8e29-4e93-a0f3-5d2512c7586d,1,6981,7133,ManualPlanIDCorrection
2020-07-16 19:05:25,2020-07-16,19:05:25,79d3a35d-41ec-4578-af32-295980d8f710,875621bc-a9a3-49b3-9321-8901567a9e14,1,6981,7133,ManualPlanIDCorrection
2020-07-16 19:05:25,2020-07-16,19:05:25,d065f676-e02e-42aa-8f0c-bbee0aed39a3,af814715-f952-4cf3-b523-77725dfdbecb,1,6981,7133,ManualPlanIDCorrection
2020-07-16 19:05:25,2020-07-16,19:05:25,f51ad9de-c2fe-42f7-9e43-6f1237c2d370,6507dbd0-eda0-4396-b3a1-b4d888fa346b,1,6981,7133,ManualPlanIDCorrection
2020-07-16 19:05:25,2020-07-16,19:05:25,e5082e38-b8d4-4182-b41f-189e0713c918,983957f3-8e2d-4e4d-b682-8629b17e5b33,1,6981,7133,ManualPlanIDCorrection
2020-07-16 19:05:25,2020-07-16,19:05:25,fffd6c3a-678e-4f88-b934-71f871b6a143,f6c73cf6-29bf-43cd-9168-4f0030aac1d0,1,6981,7133,ManualPlanIDCorrection
2020-07-16 19:05:25,2020-07-16,19:05:25,c3a228a7-2821-42d9-b73c-584a0018fe90,a351b373-b09e-4270-be57-cb2908674857,1,6981,7133,ManualPlanIDCorrection
2020-07-16 19:05:25,2020-07-16,19:05:25,b7bdb13a-1ad7-4cdc-a3f5-422d649b0044,e5eae256-5cac-470c-a6f5-79741afc448a,1,6981,7133,ManualPlanIDCorrection
2020-07-16 19:05:25,2020-07-16,19:05:25,39885d4e-362b-434c-bfe7-b7d2b447e6e9,e7c459a9-49dc-43bb-b70b-aca25c8f2f0a,1,6981,7133,ManualPlanIDCorrection
2020-07-16 19:05:25,2020-07-16,19:05:25,bc39b27f-7341-4b4b-a00b-99d16b18b66b,82ac59ea-2e33-4e52-950a-4f7e47e70853,1,6981,7133,ManualPlanIDCorrection
2020-07-16 19:05:25,2020-07-16,19:05:25,9323a80f-2d7a-44ae-beb8-aaee0ceaf9a4,e440c3ee-883b-4242-ad2f-ff95183c384e,1,6981,7133,ManualPlanIDCorrection
2020-07-16 19:05:25,2020-07-16,19:05:25,599574b8-c36c-4f7d-9006-6538209b9ad4,9233d05b-9962-4c4f-9f89-b0e0d5dbec78,1,6981,7133,ManualPlanIDCorrection
2020-07-16 19:05:25,2020-07-16,19:05:25,7e9051d4-8283-4f91-b414-735d181fdbb9,2782730b-b187-4f5e-9c6a-8cca894cb29d,1,6981,7133,ManualPlanIDCorrection
2020-07-16 19:05:25,2020-07-16,19:05:25,5ee1ebf9-dd98-4322-a78b-00723bceaa94,8c5bbc3b-118e-4351-9b91-0dded2771607,1,6981,7133,ManualPlanIDCorrection
2020-07-16 19:05:25,2020-07-16,19:05:25,c1df65fb-0e63-4a11-bf28-3ce96278a905,202b8f92-494a-433b-918c-e1b471e9fde0,1,6981,7133,ManualPlanIDCorrection
2020-07-16 19:05:25,2020-07-16,19:05:25,72784cfb-29c7-494f-85c3-e1a9e9e9bb4a,f81a92d3-bb69-4304-a6c5-066bae1ee6fc,1,6981,7133,ManualPlanIDCorrection
2020-07-16 19:05:25,2020-07-16,19:05:25,c313b340-3982-495d-b967-7c721da0095d,5ae74d3b-3af9-41e1-9bba-2a1abf6a4bdc,1,6981,7133,ManualPlanIDCorrection
2020-07-16 19:05:25,2020-07-16,19:05:25,4267a870-f870-4167-8d12-be2a8d600250,0128ee9d-1c9a-4db9-a32a-d60505ef0b3e,1,6981,7133,ManualPlanIDCorrection
2020-07-16 19:05:25,2020-07-16,19:05:25,50daa4ff-3554-42af-aad2-c18ca2a1820e,f404fcec-7b84-452e-bba1-af7f45b00971,1,6981,7133,ManualPlanIDCorrection
2020-07-16 19:05:25,2020-07-16,19:05:25,fb99c9c1-019f-4b01-92d2-15538e9d61c4,e82c7bfb-f506-4b1d-8d20-1d80dfbe87b4,1,6981,7133,ManualPlanIDCorrection
2020-07-16 19:05:25,2020-07-16,19:05:25,bf8446e1-93e7-4b04-aebc-21cd28e9742b,d885d08a-b9ac-418e-a0d6-e49cd6643b02,1,6981,7133,ManualPlanIDCorrection
2020-07-16 19:05:25,2020-07-16,19:05:25,67115239-e5f1-4074-b270-670ce5cf2153,ac24590f-ff83-4904-9ed5-be788f2c02da,1,6981,7133,ManualPlanIDCorrection
2020-07-16 19:05:25,2020-07-16,19:05:25,71e59ac7-e0c7-4cbe-ad90-47182487c284,d31a8f97-22ea-40a0-a64b-7786045bbaa7,1,6981,7133,ManualPlanIDCorrection
2020-07-16 19:05:25,2020-07-16,19:05:25,3915cddb-51f6-4758-ab96-5bcabcadbec9,cd727be8-df1b-4b17-9401-50cdffe32fa4,1,6981,7133,ManualPlanIDCorrection
2020-07-16 19:05:25,2020-07-16,19:05:25,82c820b2-c024-4b19-abb6-9450bf4edd39,2d7c1b50-6b27-44cb-82e2-520ce154733b,1,6981,7133,ManualPlanIDCorrection
2020-07-16 19:05:25,2020-07-16,19:05:25,158be2bb-e279-4f6c-b1ac-1534abdccc82,08f38fd9-7f54-44a1-8fad-ca6d6a38c0c6,1,6981,7133,ManualPlanIDCorrection
2020-07-16 19:05:25,2020-07-16,19:05:25,54e4f1c1-2b43-4aeb-8189-f9c4c497fa36,ac81f1ea-7562-4b66-8997-3393177be631,1,6981,7133,ManualPlanIDCorrection
2020-07-16 19:05:25,2020-07-16,19:05:25,0b0795b2-8f42-4898-a983-687a1a6d6563,8eedbcb5-da6f-4dfe-b9dc-dedb3ac1c591,1,6981,7133,ManualPlanIDCorrection
2020-07-16 19:05:25,2020-07-16,19:05:25,7ca8bde0-c734-4423-88cf-498c7f03bf96,9b21faa9-9e3c-425d-b570-8c27180d4d85,1,6981,7133,ManualPlanIDCorrection
2020-07-16 19:05:25,2020-07-16,19:05:25,846951d7-5e8f-4478-b7e6-2f2a595b39a6,d6255fca-505f-4184-ba79-97bd91702eea,1,6981,7133,ManualPlanIDCorrection
2020-07-16 19:05:25,2020-07-16,19:05:25,f3c2db87-796c-4afb-b345-98b7112d7230,d8613ece-4ef5-437b-92f7-93443ae4f735,1,6981,7133,ManualPlanIDCorrection
2020-07-16 19:05:25,2020-07-16,19:05:25,71cb9b7e-d350-4461-a5f0-b4431ab8672e,dd658338-45e9-4513-88a3-611168e7b2cc,1,6981,7133,ManualPlanIDCorrection
2020-07-16 19:05:25,2020-07-16,19:05:25,46ad0200-8cee-438f-92f3-11dbf7b507f9,9e87d6a8-dae4-4d49-bf15-f56e2d33dba4,1,6981,7133,ManualPlanIDCorrection
2020-07-16 19:05:25,2020-07-16,19:05:25,b4089339-e427-4b39-8a69-7760f795ef8d,eac22c55-4182-45ba-ad5b-1b0ade8cbaf0,1,6981,7133,ManualPlanIDCorrection
2020-07-16 19:05:25,2020-07-16,19:05:25,f8491082-7252-459d-aee9-81990af302ae,2b133597-db2d-4c80-8543-34d34e49bfcc,1,6981,7133,ManualPlanIDCorrection
2020-07-16 19:05:25,2020-07-16,19:05:25,3f8cb238-7218-40eb-a4eb-53ea218ad795,cde34bb8-aea9-4388-a3b8-b1aa851d4cfa,1,6981,7133,ManualPlanIDCorrection
2020-07-16 19:05:25,2020-07-16,19:05:25,154e7ec7-f983-4e04-b5af-821ff8c926f3,f620da1e-48b3-48d3-9672-99f96e451bc6,1,6981,7133,ManualPlanIDCorrection
2020-07-16 19:05:25,2020-07-16,19:05:25,70c1a9f5-875d-4533-b34f-3ece8bbcbae5,c77e9a7e-5735-42e9-9f55-50bb7534352c,1,6981,7133,ManualPlanIDCorrection
2020-07-16 19:05:25,2020-07-16,19:05:25,ee4fc804-4bd1-491f-b59c-e2bd823ba7ff,942b197e-a603-43c0-b22b-f57679045d0d,1,6981,7133,ManualPlanIDCorrection
2020-07-16 19:05:25,2020-07-16,19:05:25,a1f4a692-6eb0-45aa-98cf-457e2dd6794f,5ef88a98-6dae-42cf-8ac6-7fa4ffdb188e,1,6981,7133,ManualPlanIDCorrection
2020-07-16 19:05:25,2020-07-16,19:05:25,a1f4a692-6eb0-45aa-98cf-457e2dd6794f,5d7e5e97-1427-4ca7-9f96-f45f8e0ceae0,1,6981,7133,ManualPlanIDCorrection
2020-07-16 19:05:25,2020-07-16,19:05:25,e9b93599-54a2-41c6-ab5f-f394594ef3f5,0d5b7da4-9e6d-4895-b6c0-596cc4e30421,1,6981,7133,ManualPlanIDCorrection
2020-07-16 19:05:25,2020-07-16,19:05:25,c75689c4-3eb0-4c7b-b7fe-5c274e345d1d,09d5a9cf-f855-41a6-a3d6-4b96bfecab99,1,6981,7133,ManualPlanIDCorrection
2020-07-16 19:05:25,2020-07-16,19:05:25,52cacbb6-65f1-4d4f-ac79-3c60be78eef9,c6096c0e-3c49-4dc3-a303-3911916e7930,1,6981,7133,ManualPlanIDCorrection
2020-07-16 19:05:25,2020-07-16,19:05:25,e7c4c058-cfd9-4ed0-b704-3ca18304fb18,37d6267b-beba-439c-898d-1c4919078a7f,1,6981,7133,ManualPlanIDCorrection
2020-07-16 19:05:25,2020-07-16,19:05:25,0f460b77-e8f9-4e28-aee2-30b86346ca0b,fdba8379-8aab-44a6-9506-8a8207cf6aa4,1,6981,7133,ManualPlanIDCorrection
2020-07-16 19:05:25,2020-07-16,19:05:25,c83ca9ea-26db-4cf1-9c8a-16f90ad14f25,9f92654b-8dfb-4e83-80a1-1a8fc1e5da82,1,6981,7133,ManualPlanIDCorrection
2020-07-16 19:05:25,2020-07-16,19:05:25,43545468-5c80-46e3-a2ce-23241058c589,a8d5ab89-17bf-4ff8-bb53-91a46c24efda,1,6981,7133,ManualPlanIDCorrection
2020-07-16 19:05:25,2020-07-16,19:05:25,b335e9bc-3f43-49d5-ad2e-a8ef66c96f8f,69bd1060-10c6-4caf-a323-4d0b56325c12,1,6981,7133,ManualPlanIDCorrection
2020-07-16 19:05:25,2020-07-16,19:05:25,240c6876-a3cf-4a0a-8f81-fcc6136a327f,0d788c89-9f77-4e37-8432-414587ae44d6,1,6981,7133,ManualPlanIDCorrection
2020-07-16 19:05:25,2020-07-16,19:05:25,7f6b763c-996e-4d6f-912d-063584897d89,73a0b863-e475-40e3-93be-3f6a435b9e69,1,6981,7133,ManualPlanIDCorrection
2020-07-16 19:05:25,2020-07-16,19:05:25,d78cc00d-8d49-4484-8e98-3d48bf1bb766,5c0d2575-b9cb-4199-a3e3-15f7d1d050bb,1,6981,7133,ManualPlanIDCorrection
2020-07-16 19:05:25,2020-07-16,19:05:25,134c31c7-1ae5-40cd-9f07-ef873a0c126c,fe60d7c4-374d-48cd-99d2-52014e878c5e,1,6981,7133,ManualPlanIDCorrection
2020-07-16 19:05:25,2020-07-16,19:05:25,5752d1ac-d8d5-4249-9603-6cb4f5a444e3,c39cedd5-e652-440a-92d9-628285fa33d5,1,6981,7133,ManualPlanIDCorrection
2020-07-16 19:05:25,2020-07-16,19:05:25,3d2540db-2ce3-46d3-b946-74fcabd6e916,32311df3-b573-41f1-9832-bae88f3ec744,1,6981,7133,ManualPlanIDCorrection
2020-07-16 19:05:25,2020-07-16,19:05:25,4274934d-83fa-41d9-b1c7-704edd73d180,e2ffe44c-0cc4-4e2d-9b7a-5bad889c1737,1,6981,7133,ManualPlanIDCorrection
2020-07-16 19:05:25,2020-07-16,19:05:25,823b1f85-c0ca-4410-be3c-33a18b7af05f,653f5223-6644-4def-a6c8-43d330e40051,1,6981,7133,ManualPlanIDCorrection
2020-07-16 19:05:25,2020-07-16,19:05:25,1b1b4309-105b-4d16-83d0-8582363adf93,b140747b-f5c8-40dc-a533-27ac20890594,1,6981,7133,ManualPlanIDCorrection
2020-07-16 19:05:25,2020-07-16,19:05:25,16b1d883-7dfe-46e6-bdad-d247f4f1d7cd,d3589a27-b53b-49a2-b325-800a1a884e2e,1,6981,7133,ManualPlanIDCorrection
2020-07-16 19:05:25,2020-07-16,19:05:25,969224c8-cfe5-4e0e-8272-2b8debb5bcaf,ba51f549-7d0b-41db-ad72-f2399962c7b4,1,6981,7133,ManualPlanIDCorrection
2020-07-16 19:05:25,2020-07-16,19:05:25,634af5e4-892b-47ba-9881-643c0a575cd1,bbede5a6-64e5-4d34-b754-3f6d04a08900,1,6981,7133,ManualPlanIDCorrection
2020-07-16 19:05:25,2020-07-16,19:05:25,29fe59fe-122f-4ab2-9329-1fe83916a9ce,da99636c-f208-4b5f-999f-9860bd5b6e48,1,6981,7133,ManualPlanIDCorrection
2020-07-16 19:05:25,2020-07-16,19:05:25,c6d9fc3e-520a-4f06-a7d6-746cd7633ba6,bff9a5b0-530d-4c95-8191-73f104c93592,1,6981,7133,ManualPlanIDCorrection
2020-07-16 19:05:25,2020-07-16,19:05:25,92019458-7d86-4434-8cfd-5136fa2db61e,fa12768d-659a-409e-b8df-b41cd43c74a6,1,6981,7133,ManualPlanIDCorrection
2020-07-16 19:05:25,2020-07-16,19:05:25,92019458-7d86-4434-8cfd-5136fa2db61e,b6e2204f-ef7b-4666-8a04-63d7ced85b3c,1,6981,7133,ManualPlanIDCorrection
2020-07-16 19:05:25,2020-07-16,19:05:25,43b08511-2e7a-4d85-80ac-3d1a7d532ca5,22b67cdf-16ca-4f3f-9836-26106138d894,1,6981,7133,ManualPlanIDCorrection
2020-07-16 19:05:25,2020-07-16,19:05:25,a5f117c5-227b-4f08-a893-f8c3b39eaac1,8f2c65c9-e2b4-4645-a837-88d864b354dc,1,6981,7133,ManualPlanIDCorrection
2020-07-16 19:05:25,2020-07-16,19:05:25,12f21850-520f-4a2a-89da-a3567ebe4710,f5aa444a-8dbc-4860-8db8-9f2f8ab2116f,1,6981,7133,ManualPlanIDCorrection
2020-07-16 19:05:25,2020-07-16,19:05:25,477be9c6-6598-42a6-bcb5-3b06748411d3,9a351ebf-cefb-4e14-ba83-7f8ebd905191,1,6981,7133,ManualPlanIDCorrection
2020-07-16 19:05:25,2020-07-16,19:05:25,926c6292-7477-407b-8fc3-a7c577e170fa,014828a0-5876-4e47-b504-b6e8ff596c8b,1,6981,7133,ManualPlanIDCorrection
2020-07-16 19:05:25,2020-07-16,19:05:25,2f9e0b4d-5967-40bf-9b89-d298a2fceb2b,eebe3239-94a6-4b7e-adf9-3510e73b8d6d,1,6981,7133,ManualPlanIDCorrection
2020-07-16 19:05:25,2020-07-16,19:05:25,601ab99d-a629-46ac-9670-b4c2a822cd5b,e0db0295-f37e-4f1e-b88e-17ac6212500b,1,6981,7133,ManualPlanIDCorrection
2020-07-16 19:05:25,2020-07-16,19:05:25,9d551482-5bef-48be-b637-3bd2a7b3601d,bbf542b1-577a-407e-92b8-a1b8f76016ef,1,6981,7133,ManualPlanIDCorrection
2020-07-16 19:05:25,2020-07-16,19:05:25,2b981c7a-6212-4f84-9257-0fab682df005,aa1ddd13-51a5-4379-905e-b6d8f8254adc,1,6981,7133,ManualPlanIDCorrection
2020-07-16 19:05:25,2020-07-16,19:05:25,0685975a-b241-4c70-9db9-2aa1f608296f,c89d9fb8-d72c-4c25-9174-4bf16cd7a708,1,6981,7133,ManualPlanIDCorrection
2020-07-16 19:05:25,2020-07-16,19:05:25,933c806a-752a-4c96-8400-5397404d6daa,894eaaa1-adb6-4bf8-b435-8f96048da7ee,1,6981,7133,ManualPlanIDCorrection
2020-07-16 19:05:25,2020-07-16,19:05:25,a99fba67-011a-4b6e-88ae-98cfc373ac98,9d5591e6-0fe7-494a-b3f9-2be280430fc3,1,6981,7133,ManualPlanIDCorrection
2020-07-16 19:05:25,2020-07-16,19:05:25,62a5640d-f301-4459-a899-694026b12f72,e21dffdf-0757-44da-99ed-fd55a528375b,1,6981,7133,ManualPlanIDCorrection
2020-07-16 19:05:25,2020-07-16,19:05:25,8b425012-508f-4c42-bacd-ad85d77d1a62,96b70886-6ced-403a-ba9f-9a9c31a5066b,1,6981,7133,ManualPlanIDCorrection
2020-07-16 19:05:25,2020-07-16,19:05:25,bcb19fba-8f3f-4ca4-8e1e-e99397da7549,d4da1d2b-d280-4557-8f34-e1162b2f7ab2,1,6981,7133,ManualPlanIDCorrection
2020-07-16 19:05:25,2020-07-16,19:05:25,1bda92e0-e1e5-4b3e-add2-d68f4c602810,c75f3275-cb1e-4ae8-9644-672edb490abd,1,6981,7133,ManualPlanIDCorrection
2020-07-16 19:05:25,2020-07-16,19:05:25,ef8d06c2-a7b9-4620-97ab-7514a18bcc62,df4e56aa-1f9e-4d2e-a42b-4f4289325afe,1,6981,7133,ManualPlanIDCorrection
2020-07-16 19:05:25,2020-07-16,19:05:25,03a59f6d-1d7a-43bb-8125-d78a63cc0f53,22546100-578c-49f0-9b03-796f67936bb5,1,6981,7133,ManualPlanIDCorrection
2020-07-16 19:05:25,2020-07-16,19:05:25,88019b36-3744-42db-9f77-6e6b821835b0,49953ba6-2fd4-4c4a-a673-b2e53eb271c0,1,6981,7133,ManualPlanIDCorrection
2020-07-16 19:05:25,2020-07-16,19:05:25,c0a93413-f0b9-49bb-a67c-26a116a838dd,ff63240c-887a-4f4f-b828-d3793f625198,1,6981,7133,ManualPlanIDCorrection
2020-07-16 19:05:25,2020-07-16,19:05:25,ef715110-cb07-4d90-b4e8-6ce5ab20a9ed,3501f27d-f123-4395-89c5-4b2ee648260a,1,6981,7133,ManualPlanIDCorrection
2020-07-16 19:05:25,2020-07-16,19:05:25,60222632-689a-4f83-bcf8-2a75fb5ea4ac,b3768b34-8f1d-4e1a-a7db-895681363ff6,1,6981,7133,ManualPlanIDCorrection
2020-07-16 19:05:25,2020-07-16,19:05:25,f2b02870-9bc6-40f4-a174-01c0c29cea59,9033f5d3-3c24-413d-9db1-4b666c8d7965,1,6981,7133,ManualPlanIDCorrection
2020-07-16 19:05:25,2020-07-16,19:05:25,40404913-f3bf-403e-a77e-594e2c847d2b,7e40692b-a156-4f41-a6a7-3e742b74b57b,1,6981,7133,ManualPlanIDCorrection
2020-07-16 19:05:25,2020-07-16,19:05:25,ef6a0829-fad9-4cd9-ae2b-b496b5966e62,1cc91e5d-0c7a-4896-94e7-b51184e95d9c,1,6981,7133,ManualPlanIDCorrection
2020-07-16 19:05:25,2020-07-16,19:05:25,b01d7967-02ef-49c0-b74c-bec709167f09,acf8916c-4033-470b-9533-22fc3f131b27,1,6981,7133,ManualPlanIDCorrection
2020-07-16 19:05:25,2020-07-16,19:05:25,82e773cb-1a63-4600-bf85-9f9c9c63875e,46422cc4-c177-4201-a156-e25474f7e678,1,6981,7133,ManualPlanIDCorrection
2020-07-16 19:05:25,2020-07-16,19:05:25,82e773cb-1a63-4600-bf85-9f9c9c63875e,1a5f4ee1-17b2-4c4e-be33-197cce0597a2,1,6981,7133,ManualPlanIDCorrection
2020-07-16 19:05:25,2020-07-16,19:05:25,b59472c4-2073-4f36-a84b-8ce519b2b2e7,084d46db-5273-45de-9c83-3cd2a43ce85b,1,6981,7133,ManualPlanIDCorrection
2020-07-16 19:05:25,2020-07-16,19:05:25,b7ebdc95-8152-4c6f-be8e-1ae4f2ff2dfd,f033f09b-b4c7-47d5-a3ae-f345d7701c29,1,6981,7133,ManualPlanIDCorrection
2020-07-16 19:05:25,2020-07-16,19:05:25,4dfd949d-89c7-4e08-a821-f37cb22fdf34,a9739d84-07b0-47a2-bfc7-19b7aabd037b,1,6981,7133,ManualPlanIDCorrection
2020-07-16 19:05:25,2020-07-16,19:05:25,fe7e383f-aeca-4cf4-8126-3e0278394ce5,aa9f211b-b7d7-4904-af61-64983fa535b4,1,6981,7133,ManualPlanIDCorrection
2020-07-16 19:05:25,2020-07-16,19:05:25,3a49b81d-a5f3-416d-b6af-51b5655d3da3,c91b1d7d-367d-4786-8e17-9b8c6c8a6d15,1,6981,7133,ManualPlanIDCorrection
2020-07-16 19:05:25,2020-07-16,19:05:25,f57dbe54-3954-4cc7-9b0c-73db6d353393,dc24ae66-a9aa-401d-b93e-5909b5b794d1,1,6981,7133,ManualPlanIDCorrection
2020-07-16 19:05:25,2020-07-16,19:05:25,d8168d8c-a701-4c83-91c0-a30e3fd54be7,b2aca23c-133c-44f8-b0ca-68cf6e0dbaa3,1,6981,7133,ManualPlanIDCorrection
2020-07-16 19:05:25,2020-07-16,19:05:25,d147f515-e267-4b4e-9ca1-3c7d7a8db5f3,b58c7598-c67a-4609-b268-e203bb241501,1,6981,7133,ManualPlanIDCorrection
2020-07-16 19:05:25,2020-07-16,19:05:25,f8f6facf-6935-45b6-aaac-96211a3f2cd9,aa89c672-f13c-4c93-a26e-038c677af7b4,1,6981,7133,ManualPlanIDCorrection
2020-07-16 19:05:25,2020-07-16,19:05:25,bb1aba58-bff9-4224-91ee-46d4c4c00411,793d78f5-2662-441b-9f22-9eeaebd9f9d2,1,6981,7133,ManualPlanIDCorrection
2020-07-16 19:05:25,2020-07-16,19:05:25,c50d200b-012a-4680-b6dc-de767a8298e1,e0c987ac-d2c4-418d-a015-f6a7223f41df,1,6981,7133,ManualPlanIDCorrection
2020-07-16 19:05:25,2020-07-16,19:05:25,c7a020df-9889-4394-adf9-70de6fac4a71,d4adf39a-c5da-48af-8600-97b2425f315d,1,6981,7133,ManualPlanIDCorrection
2020-07-16 19:05:25,2020-07-16,19:05:25,37c72234-dea2-4ba8-a523-d3363a5d9bd4,7a2a0e85-e80a-43f6-a034-9deb429dc184,1,6981,7133,ManualPlanIDCorrection
2020-07-16 19:05:25,2020-07-16,19:05:25,38b2b7a3-a836-4ed7-89fc-3c6d1ef8892c,65978e46-ce47-4581-a7e1-8cb1f083734f,1,6981,7133,ManualPlanIDCorrection
2020-07-16 19:05:25,2020-07-16,19:05:25,4fc95ebe-730c-40be-b8a4-eb2ff5797c1a,8978b4cb-997e-4759-97b7-03ad55f5301b,1,6981,7133,ManualPlanIDCorrection
2020-07-16 19:05:25,2020-07-16,19:05:25,a8bd6933-5440-4b3c-864a-9014dc7472ca,a199e294-54f5-4c42-af8b-cb61dc4ae0b8,1,6981,7133,ManualPlanIDCorrection
2020-07-16 19:05:25,2020-07-16,19:05:25,9cae6d36-ab44-4028-a9c3-cf87d03bedc7,78c270c4-326f-4611-af45-07312b6c956c,1,6981,7133,ManualPlanIDCorrection
2020-07-16 19:05:25,2020-07-16,19:05:25,605b8c0c-19b5-4589-b1f5-5a3870ac76a6,b0acf598-469c-441a-ab21-e305a2440a2e,1,6981,7133,ManualPlanIDCorrection
2020-07-16 19:05:25,2020-07-16,19:05:25,83a69971-9d72-434c-ac53-e185e2b9345a,98b8cc2d-9de2-4456-aa2c-6c90a63381d2,1,6981,7133,ManualPlanIDCorrection
2020-07-16 19:05:25,2020-07-16,19:05:25,4be9f027-0d48-4567-a1f4-8f2bc329006a,044ec01e-15a6-458a-ba66-78df69b2e53c,1,6981,7133,ManualPlanIDCorrection
2020-07-16 19:05:25,2020-07-16,19:05:25,ac9d21b4-fee6-450e-adea-eef60f52bc5b,410b67df-6d52-4578-af95-832fc0f1fce0,1,6981,7133,ManualPlanIDCorrection
2020-07-16 19:05:25,2020-07-16,19:05:25,0785493a-faf5-47ca-90a6-6a42a90cdc65,e6bd6261-ea84-4e83-8865-cf4a5794c67e,1,6981,7133,ManualPlanIDCorrection
2020-07-16 19:05:25,2020-07-16,19:05:25,daf6a56d-e7ef-40d3-b379-03cdb762e9dd,f060682c-865c-4ebb-91aa-c371b3b2ce02,1,6981,7133,ManualPlanIDCorrection
2020-07-16 19:05:25,2020-07-16,19:05:25,09939412-0b93-4ec7-821f-99999162e70c,3c775090-4083-4efd-add9-cb053db1c5b2,1,6981,7133,ManualPlanIDCorrection
2020-07-16 19:05:25,2020-07-16,19:05:25,4579059e-6c66-4851-b3ed-cd0d9b885527,9675b1bb-70c1-486c-8678-98f644fee478,1,6981,7133,ManualPlanIDCorrection
2020-07-16 19:05:25,2020-07-16,19:05:25,6c050256-9494-4e52-9951-4cc4a4f63e9d,6ff3f06b-d12c-4030-9081-2b973617dd33,1,6981,7133,ManualPlanIDCorrection
2020-07-16 19:05:25,2020-07-16,19:05:25,6c9f0dd6-918e-46e1-bcdf-3cfc9cc88a08,ee8517c0-7ac6-48ea-8ac5-7cd2ddd23be8,1,6981,7133,ManualPlanIDCorrection
2020-07-16 19:05:25,2020-07-16,19:05:25,6c9f0dd6-918e-46e1-bcdf-3cfc9cc88a08,9ab94d27-a658-49bf-875d-7deccb3ac40e,1,6981,7133,ManualPlanIDCorrection
2020-07-16 19:05:25,2020-07-16,19:05:25,04c0c738-f725-486f-96a6-be668181f2de,c3d83e19-ba53-447a-a00e-1494f3c7610f,1,6981,7133,ManualPlanIDCorrection
2020-07-16 19:05:25,2020-07-16,19:05:25,744b9eec-8d88-4b23-8c94-9a012ff2a54a,3cb0e5d2-cc8c-4b24-869e-765b3d155a83,1,6981,7133,ManualPlanIDCorrection
2020-07-16 19:05:25,2020-07-16,19:05:25,482360c3-89fd-492e-899e-5d521add669c,da9fcb80-d354-4a93-ba8a-7dd6bc50778e,1,6981,7133,ManualPlanIDCorrection
2020-07-16 19:05:25,2020-07-16,19:05:25,3d215e1c-e5d2-4817-9e4d-0cb6bcc4d0fe,6d892a91-b395-40f2-8d43-91628edcad9f,1,6981,7133,ManualPlanIDCorrection
2020-07-16 19:05:25,2020-07-16,19:05:25,0f8bf3e3-33ad-4bca-a54d-3065f68567ee,8252dae9-b7ee-41d2-972d-e78bb4e7d017,1,6981,7133,ManualPlanIDCorrection
2020-07-16 19:05:25,2020-07-16,19:05:25,c203af25-0c16-4db0-b47c-d654384bfd5e,a8ffecaf-90c0-434a-a17d-8a0603456cad,1,6981,7133,ManualPlanIDCorrection
2020-07-16 19:05:25,2020-07-16,19:05:25,81d00c2a-18fb-4508-8fb3-3833d637af47,4f671411-8099-4bb7-9cb2-fecd4dfbb442,1,6981,7133,ManualPlanIDCorrection
2020-07-16 19:05:25,2020-07-16,19:05:25,7a1286c2-a5b3-4632-9605-200a2c8837e4,534aa625-0700-41db-b3a3-332f99eaf4d2,1,6981,7133,ManualPlanIDCorrection
2020-07-16 19:05:25,2020-07-16,19:05:25,e51dfe6c-e073-492d-9d28-76b6b2a6a58a,ad59ff83-f1be-4d86-adfd-c661f7740a57,1,6981,7133,ManualPlanIDCorrection
2020-07-16 19:05:25,2020-07-16,19:05:25,95358096-7ad7-40bb-97ce-2bb6cd229d21,7ac82858-143c-4a20-9326-f94c20089be7,1,6981,7133,ManualPlanIDCorrection
2020-07-16 19:05:25,2020-07-16,19:05:25,b43a2935-6451-4dbb-9a7a-6e7fb85198bc,8e3be662-81da-4ce6-af2e-d3c3aac0ac69,1,6981,7133,ManualPlanIDCorrection
2020-07-16 19:05:25,2020-07-16,19:05:25,ab69c383-794b-4c8c-8ddb-bfb249b80a5e,a0315b04-6869-4c66-8e4e-9416c7e6f794,1,6981,7133,ManualPlanIDCorrection
2020-07-16 19:05:25,2020-07-16,19:05:25,890de578-129e-4a7c-94b0-fb50174d27cb,a9d55b33-3d34-4f04-99ab-6eb5347f8759,1,6981,7133,ManualPlanIDCorrection
2020-07-16 19:05:25,2020-07-16,19:05:25,938a1297-859c-4b4d-accb-0cd5663ba5bb,d1d76c00-1be0-497a-afb5-7e7cc5e2bbdd,1,6981,7133,ManualPlanIDCorrection
2020-07-16 19:05:25,2020-07-16,19:05:25,52d18415-45b1-43f9-9eb7-05903d466251,6d13d354-f667-49c8-943d-f2133854151e,1,6981,7133,ManualPlanIDCorrection
2020-07-16 19:05:25,2020-07-16,19:05:25,6dc1ffed-7e2d-4c73-b05f-d844823a51e2,c7736568-6749-406d-b42f-4a3a984e4b75,1,6981,7133,ManualPlanIDCorrection
2020-07-16 19:05:25,2020-07-16,19:05:25,d7c500b8-fae0-4e71-ace4-89671c657397,a6bca2b1-6af3-438e-8065-9650602a4c32,1,6981,7133,ManualPlanIDCorrection
2020-07-16 19:05:25,2020-07-16,19:05:25,430fd9e0-d08c-44a2-99ff-1d408d55b240,e7d8f707-f88b-4d55-b3c3-d4057c1b6302,1,6981,7133,ManualPlanIDCorrection
2020-07-16 19:05:25,2020-07-16,19:05:25,86dc6ba2-72b2-422e-af55-2768d6a807be,2202d31b-106d-4020-b281-e695844bd64a,1,6981,7133,ManualPlanIDCorrection
2020-07-16 19:05:25,2020-07-16,19:05:25,f6282e48-60fa-4229-b836-8f82bc40435e,1f6de127-a15f-45ec-868c-b9c087ba455f,1,6981,7133,ManualPlanIDCorrection
2020-07-16 19:05:25,2020-07-16,19:05:25,327dc779-a6df-419d-82de-5cfba3600159,4f5949ca-68c6-4e2f-88bc-b13baa7386d9,1,6981,7133,ManualPlanIDCorrection
2020-07-16 19:05:25,2020-07-16,19:05:25,554eaa93-70f2-4849-83b3-cffe53322cf8,808b2558-3f14-48ed-8bb5-467cb188e5ef,1,6981,7133,ManualPlanIDCorrection
2020-07-16 19:05:25,2020-07-16,19:05:25,0a18f37f-cc5b-4d90-b7c9-a3d2b97419ed,c725fcbf-e00d-49af-a1a5-2cb043b40ee0,1,6981,7133,ManualPlanIDCorrection
2020-07-16 19:05:25,2020-07-16,19:05:25,250bdff4-e999-4648-b9b2-c0783849eb32,b535d1f5-fa36-45d1-849d-399338862e4c,1,6981,7133,ManualPlanIDCorrection
2020-07-16 19:05:25,2020-07-16,19:05:25,4e399ad2-7468-49ad-a490-8e73d928cbc8,b557affb-5a67-4514-ad03-4b50e80b9a84,1,6981,7133,ManualPlanIDCorrection
2020-07-16 19:05:25,2020-07-16,19:05:25,5d094da5-a711-4c7d-8326-e9b4bf3d576f,afe3c1ac-70f1-4d57-bd4e-1d36154ae262,1,6981,7133,ManualPlanIDCorrection
2020-07-16 19:05:25,2020-07-16,19:05:25,d3db696e-c80a-449a-8694-a02976ede88f,8a8e41f7-643e-40f6-93b9-d9d358fde37f,1,6981,7133,ManualPlanIDCorrection
2020-07-16 19:05:25,2020-07-16,19:05:25,2746ca46-acb2-42c6-ad31-c433c239262f,1a7522e3-82c0-4e72-88cf-cb6aeaf3c445,1,6981,7133,ManualPlanIDCorrection
2020-07-16 19:05:25,2020-07-16,19:05:25,1094676d-73c8-4d4f-8143-f26fe00c6e85,6589506b-33fe-48ca-8922-761bbc3af218,1,6981,7133,ManualPlanIDCorrection
2020-07-16 19:05:25,2020-07-16,19:05:25,460574c7-e664-4e43-ab3f-837779da562c,18f7ca55-b998-47e0-b2fd-f7c608f59272,1,6981,7133,ManualPlanIDCorrection
2020-07-16 19:05:25,2020-07-16,19:05:25,b07aee51-1b5f-4cb6-8403-d68e44b64323,d02a662b-0437-4b3f-8259-d4c2733409c1,1,6981,7133,ManualPlanIDCorrection
2020-07-16 19:05:25,2020-07-16,19:05:25,2470b852-88e9-4b7a-a1ec-df65883569ec,72d8999f-add1-4446-953c-39b8ffac25af,1,6981,7133,ManualPlanIDCorrection
2020-07-16 19:05:25,2020-07-16,19:05:25,99d52c0e-7b72-4616-86e6-b978601e80c2,69211264-5fec-425a-88fb-447517fc0c25,1,6981,7133,ManualPlanIDCorrection
2020-07-16 19:05:25,2020-07-16,19:05:25,583dec79-8311-4cd2-80ca-f7a90763b16e,b1fda05b-7549-42b2-93b9-2f18bbeb9c01,1,6981,7133,ManualPlanIDCorrection
2020-07-16 19:05:25,2020-07-16,19:05:25,b8b485a8-dbde-4904-a381-8dbae58c1a66,764f353f-0918-4f0b-9274-02264ad798f6,1,6981,7133,ManualPlanIDCorrection
2020-07-16 19:05:25,2020-07-16,19:05:25,bed509ff-aca1-4850-ac2f-a92ff03798e0,5faf50d3-587b-4bc1-884e-33b8a34f92b0,1,6981,7133,ManualPlanIDCorrection
2020-07-16 19:05:25,2020-07-16,19:05:25,3ccadc40-f4c7-43e4-9ae3-2603872620c4,f6ed1497-1c7f-445d-a2f5-983cd66dcc9f,1,6981,7133,ManualPlanIDCorrection
2020-07-16 19:05:25,2020-07-16,19:05:25,a9ea1e7c-b314-48d3-a90d-5ab9970b8139,9bc04b19-b749-4b69-ac7b-aa38a133cf7b,1,6981,7133,ManualPlanIDCorrection
2020-07-16 19:05:25,2020-07-16,19:05:25,fac08f04-8ca3-46be-a034-69e4a6301ed4,12bfbfcf-c65c-4865-99cf-fa25f73f3284,1,6981,7133,ManualPlanIDCorrection
2020-07-16 19:05:25,2020-07-16,19:05:25,e802e56f-6928-49b5-aae0-c3e034ab80d5,079c9cae-4b61-410a-ae66-8adda9b4d384,1,6981,7133,ManualPlanIDCorrection
2020-07-16 19:05:25,2020-07-16,19:05:25,1072ef02-534b-4de7-aed6-2695741d3dd6,8f99788a-4841-4d60-95b1-ed9e3c1499c6,1,6981,7133,ManualPlanIDCorrection
2020-07-16 19:05:25,2020-07-16,19:05:25,274a10f1-e761-442a-8c92-b0e4d8e2a2a2,585e5adc-dfd5-4bfa-a6c9-7c638aa62c48,1,6981,7133,ManualPlanIDCorrection
2020-07-16 19:05:25,2020-07-16,19:05:25,befdc516-2d7c-4ed9-b959-08abfeb18b94,b6df7a12-440d-4d34-b380-917f25c5092c,1,6981,7133,ManualPlanIDCorrection
2020-07-16 19:05:25,2020-07-16,19:05:25,f793a7ba-6101-47b0-8085-e9149d5b8493,69e30940-d934-4446-8342-364497ee619a,1,6981,7133,ManualPlanIDCorrection
2020-07-16 19:05:25,2020-07-16,19:05:25,76390932-40ef-4797-b236-3a4bf513fc43,eab712f6-d751-434a-8283-5a8f972354d9,1,6981,7133,ManualPlanIDCorrection
2020-07-16 19:05:25,2020-07-16,19:05:25,fd0ce76d-9592-4a8d-9a30-40d5b14711e1,e844f66e-5852-4acc-a52b-8caf3f66199d,1,6981,7133,ManualPlanIDCorrection
2020-07-16 19:05:25,2020-07-16,19:05:25,3e9015a1-1729-458b-ad04-45107de15c96,cc83e8fa-0215-4c65-8b03-43cb056eefba,1,6981,7133,ManualPlanIDCorrection
2020-07-16 19:05:25,2020-07-16,19:05:25,d4a4fa5b-4532-40bc-9381-c88181c7872f,9b525913-bcac-4346-8348-ae2bc0b56b44,1,6981,7133,ManualPlanIDCorrection
2020-07-16 19:05:25,2020-07-16,19:05:25,f9a683cb-6d46-4b8b-9cfa-7dfa0e340709,ac7e8a07-770d-4682-99b4-1bebe8e7f05f,1,6981,7133,ManualPlanIDCorrection
2020-07-16 19:05:25,2020-07-16,19:05:25,f3d7ad8a-d439-43e9-bbf4-96fffad7c299,772d48b6-a4b0-4fcd-bb71-5960dee39e70,1,6981,7133,ManualPlanIDCorrection
2020-07-16 19:05:25,2020-07-16,19:05:25,d6ae00df-18ec-4cd3-9127-e30c86e37274,65bf30ef-9219-4610-b23f-b49bc49ba70c,1,6981,7133,ManualPlanIDCorrection
2020-07-16 19:05:25,2020-07-16,19:05:25,b009d98b-08e7-45b8-9f92-b4a991647502,e0959334-8b46-463a-8455-0d2557d4fa3a,1,6981,7133,ManualPlanIDCorrection
2020-07-16 19:05:25,2020-07-16,19:05:25,8f7e9056-6253-453a-8f53-9591f677f6ce,9d65433b-03dc-42d4-bc54-163ca1a300c4,1,6981,7133,ManualPlanIDCorrection
2020-07-16 19:05:25,2020-07-16,19:05:25,529787ee-f6b4-411b-b100-d1728e546a34,ff4364d0-b12f-40fc-9a26-2e6533c9712d,1,6981,7133,ManualPlanIDCorrection
2020-07-16 19:05:25,2020-07-16,19:05:25,c7a20b93-c0ef-4a5e-bb6f-208f7ac851f1,d04e2a8c-ddfa-40eb-8fbd-df1813907e46,1,6981,7133,ManualPlanIDCorrection
2020-07-16 19:05:25,2020-07-16,19:05:25,8bf624d9-5038-45da-ad78-1324aa765055,cfa2b4a9-7dca-4a0a-8ad6-ef0d8a175a9b,1,6981,7133,ManualPlanIDCorrection
2020-07-16 19:05:25,2020-07-16,19:05:25,cdd18cae-07e0-437e-9b4a-8c365d0da1ee,9ff002c6-f4aa-403b-957d-71e7e731549e,1,6981,7133,ManualPlanIDCorrection
2020-07-16 19:05:25,2020-07-16,19:05:25,a8ab4c7f-15c7-4076-9912-d2650291beee,aa1a78ce-fe3c-4eae-8f11-dc738f4e7cae,1,6981,7133,ManualPlanIDCorrection
2020-07-16 19:05:25,2020-07-16,19:05:25,b17b0261-1faf-4333-9ef8-e74e1316e743,d96a6748-617e-4c8c-9749-592f87cc4604,1,6981,7133,ManualPlanIDCorrection
2020-07-16 19:05:25,2020-07-16,19:05:25,b17b0261-1faf-4333-9ef8-e74e1316e743,6adf807f-aaa8-41cb-9d8b-ee1186029fd8,1,6981,7133,ManualPlanIDCorrection
2020-07-16 19:05:25,2020-07-16,19:05:25,2da04efd-5766-473c-9622-85695b75ccca,faac1182-7267-4007-ae77-e2fbe2eddee1,1,6981,7133,ManualPlanIDCorrection
2020-07-16 19:05:25,2020-07-16,19:05:25,87e0ab0a-7f84-4d42-86f1-59d573e96d82,823c6106-f1a2-4cce-88d5-482c17c7e3e7,1,6981,7133,ManualPlanIDCorrection
2020-07-16 19:05:25,2020-07-16,19:05:25,f9b4d1b3-43e9-4542-b7c5-af096a2db186,c7edcf3c-e781-4476-8910-024d573d82bb,1,6981,7133,ManualPlanIDCorrection
2020-07-16 19:05:25,2020-07-16,19:05:25,1836d241-fab2-4746-8fb6-0069f7564e9a,32982e17-1446-4194-bd99-c58531c60306,1,6981,7133,ManualPlanIDCorrection
2020-07-16 19:05:25,2020-07-16,19:05:25,ad6c4413-7821-4633-9698-b75b110b3621,15f5bd90-e024-4b75-9e1f-9af0e2380165,1,6981,7133,ManualPlanIDCorrection
2020-07-16 19:05:25,2020-07-16,19:05:25,d867f545-de08-4dd1-b6dd-f6159a11ed39,37195087-d680-4420-bcee-21af03104f81,1,6981,7133,ManualPlanIDCorrection
2020-07-16 19:05:25,2020-07-16,19:05:25,d867f545-de08-4dd1-b6dd-f6159a11ed39,b084990a-f7cc-4f04-a6b9-47756bb01212,1,6981,7133,ManualPlanIDCorrection
2020-07-16 19:05:25,2020-07-16,19:05:25,47b2892e-442d-471a-b8df-7138e02a967f,d8f09bc5-624c-4261-a897-0ee738d7205d,1,6981,7133,ManualPlanIDCorrection
2020-07-16 19:05:25,2020-07-16,19:05:25,a591b04a-7a38-4481-af9f-8ea86c235f56,baff62be-8b73-4920-bf91-153321627e04,1,6981,7133,ManualPlanIDCorrection
2020-07-16 19:05:25,2020-07-16,19:05:25,ffb0a7b3-25eb-42e2-95ec-2bd9cfe94d80,c7e7d0bb-26bd-49a8-a713-3186dcb750a7,1,6981,7133,ManualPlanIDCorrection
2020-07-16 19:05:25,2020-07-16,19:05:25,6345e2b3-1ced-4d4a-ba57-00ae337ba212,fef90f68-d3a9-4e11-8588-4ee9df5c3f61,1,6981,7133,ManualPlanIDCorrection
2020-07-16 19:05:25,2020-07-16,19:05:25,4800d266-971c-42d9-bd75-5cad8b392507,bf249271-afd7-4e99-893c-b2b6dd8afab0,1,6981,7133,ManualPlanIDCorrection
2020-07-16 19:05:25,2020-07-16,19:05:25,47c60a49-ff26-47e9-9d78-5f85e9f31be3,d885e3cb-314f-4a17-857b-b80e914350ea,1,6981,7133,ManualPlanIDCorrection
2020-07-16 19:05:25,2020-07-16,19:05:25,8bbcce53-d288-4d3c-acd2-5152bd0d1074,bece9ce1-114c-4f9a-b732-40ac641c3088,1,6981,7133,ManualPlanIDCorrection
2020-07-16 19:05:25,2020-07-16,19:05:25,17735258-10c0-4e3d-82ad-e3c16a59984b,a138ce8c-7f61-4749-b240-1afc0ce7f165,1,6981,7133,ManualPlanIDCorrection
2020-07-16 19:05:25,2020-07-16,19:05:25,657b82b7-fa62-4cc8-9bb5-d896e2e9b8b7,87433b21-6a4d-4e36-9f7f-18039aad73c3,1,6981,7133,ManualPlanIDCorrection
2020-07-16 19:05:25,2020-07-16,19:05:25,977b7aee-d4bc-4548-bc79-1232eefc6319,c6705726-1cc5-47f1-aee6-2ce42473b6a9,1,6981,7133,ManualPlanIDCorrection
2020-07-16 19:05:25,2020-07-16,19:05:25,b61a2edc-4b17-438a-bc19-254bb19eca99,27e3e745-ea4a-4f06-880e-2492d0161e72,1,6981,7133,ManualPlanIDCorrection
2020-07-16 19:05:25,2020-07-16,19:05:25,c24d4dfc-e334-42f7-8085-b060b05c8e04,8f87b842-197d-4ece-86ad-2101809a0a8d,1,6981,7133,ManualPlanIDCorrection
2020-07-16 19:05:25,2020-07-16,19:05:25,f34f98b3-d7ed-4561-9c9e-c35d51ba7978,d30d550d-61ff-44dc-a561-8da071585408,1,6981,7133,ManualPlanIDCorrection
2020-07-16 19:05:25,2020-07-16,19:05:25,94e6be67-0c62-4e73-b706-7d6b89bd9fdf,dacc980d-b07c-44f6-90c4-b10ab33121c8,1,6981,7133,ManualPlanIDCorrection
2020-07-16 19:05:25,2020-07-16,19:05:25,4ffed40e-b2f7-4de8-abdf-ee4bc101991d,c8a2399d-83f0-46f4-8dfc-ad29321c7076,1,6981,7133,ManualPlanIDCorrection
2020-07-16 19:05:25,2020-07-16,19:05:25,d60f5d11-edf8-495f-ba66-16877f8b4326,34875fd2-e674-4b3d-b492-ad28d7e6413d,1,6981,7133,ManualPlanIDCorrection
2020-07-16 19:05:25,2020-07-16,19:05:25,912d1bf9-b651-4014-98c7-72a118dd60f6,e0237c21-22c7-41f7-90e4-f1bd64723f68,1,6981,7133,ManualPlanIDCorrection
2020-07-16 19:05:25,2020-07-16,19:05:25,a2054f0d-31a8-4054-83ab-46e3c6523cab,7bdee11f-5ffb-4f09-a5c3-9ff59bb4aa94,1,6981,7133,ManualPlanIDCorrection
2020-07-16 19:05:25,2020-07-16,19:05:25,b3181183-284a-45ce-9ec3-c5c48366f38c,0146489c-2f6f-4d47-9f57-1a672cd1522c,1,6981,7133,ManualPlanIDCorrection
2020-07-16 19:05:25,2020-07-16,19:05:25,c66dc0a1-5179-4eb3-9366-ebf60c221019,fab8334b-28c9-4a20-b3d6-48c47594d72e,1,6981,7133,ManualPlanIDCorrection
2020-07-16 19:05:25,2020-07-16,19:05:25,7d93fb17-4821-4d9d-a18d-13cc1c511da3,b5391a03-e90d-4e58-94dd-8e976a387415,1,6981,7133,ManualPlanIDCorrection
2020-07-16 19:05:25,2020-07-16,19:05:25,cdf0d764-b738-4a00-9571-2541c51cd60a,59127439-69c2-4694-8792-e19957962aec,1,6981,7133,ManualPlanIDCorrection
2020-07-16 19:05:25,2020-07-16,19:05:25,71245f94-8978-4853-b24c-15c91706b61a,f14033ea-15e2-4018-8ab5-386ebf471907,1,6981,7133,ManualPlanIDCorrection
2020-07-16 19:05:25,2020-07-16,19:05:25,2d406609-0cb5-4eeb-a508-f8c0685e12c2,00ee82bc-6f0c-4636-8db6-8e62f16f15a3,1,6981,7133,ManualPlanIDCorrection
2020-07-16 19:05:25,2020-07-16,19:05:25,52532cbf-5754-43a6-8aeb-a0a1c170625a,c2f15a9b-293b-4bee-805f-4ff097d3b999,1,6981,7133,ManualPlanIDCorrection
2020-07-16 19:05:25,2020-07-16,19:05:25,e693d1e9-1da1-436a-a1a9-be11e22d47cb,d734ab4b-f1e6-4560-9ac8-d8d727b5e1a4,1,6981,7133,ManualPlanIDCorrection
2020-07-16 19:05:25,2020-07-16,19:05:25,92e546e5-1275-400f-8eb8-9cf21db178cb,f2d95d8a-c3cb-4f12-8657-d1606e6253f2,1,6981,7133,ManualPlanIDCorrection
2020-07-16 19:05:25,2020-07-16,19:05:25,989f99f2-1794-4842-9fb6-c7da0fd819e7,a367b64d-0313-4d05-92ed-93da53f6ba9d,1,6981,7133,ManualPlanIDCorrection
2020-07-16 19:05:25,2020-07-16,19:05:25,b18840d9-84cd-423e-888b-0dd9da43dd1a,f60cf4c7-8419-4beb-b77e-bdeb94867d05,1,6981,7133,ManualPlanIDCorrection
2020-07-16 19:05:25,2020-07-16,19:05:25,034c2bbd-13ad-4842-b898-d74c05b250dd,309aac90-570c-4361-9aed-b448919e1359,1,6981,7133,ManualPlanIDCorrection
2020-07-16 19:05:25,2020-07-16,19:05:25,a50569fb-f4a8-44de-b5fa-6717fb4c20c0,fc17193a-9ee3-4fd2-9fd4-b44bc37ce5ca,1,6981,7133,ManualPlanIDCorrection
2020-07-16 19:05:25,2020-07-16,19:05:25,9a4f7e9f-6383-466b-b9ac-26a4a54191bb,c682202e-729c-449b-a7db-b29d6f5d12e4,1,6981,7133,ManualPlanIDCorrection
2020-07-16 19:05:25,2020-07-16,19:05:25,09fcfee5-9917-4e39-8dab-c3a2736bf37e,e4447076-3199-495e-8ada-8ac4c03ce160,1,6981,7133,ManualPlanIDCorrection
2020-07-16 19:05:25,2020-07-16,19:05:25,c98670f0-7766-44d4-b4a2-a33df2f26b96,a48eb873-2cbc-4715-bf2a-8b648c375dad,1,6981,7133,ManualPlanIDCorrection
2020-07-16 19:05:25,2020-07-16,19:05:25,44ac123c-3c57-4752-a620-1345aa1ff04d,4a966eb9-ec06-40b4-82e4-bff18dd03ce2,1,6981,7133,ManualPlanIDCorrection
2020-07-16 19:05:25,2020-07-16,19:05:25,f852ce25-a85c-4fcc-bc41-8166a78f19a7,b0f6b7b4-3442-487f-a92c-56126f6f8dde,1,6981,7133,ManualPlanIDCorrection
2020-07-16 19:05:25,2020-07-16,19:05:25,480802e8-147b-475c-ab39-81e74694fa51,cc94a5ef-d8b3-42e0-85d9-b2bcff98460b,1,6981,7133,ManualPlanIDCorrection
2020-07-16 19:05:25,2020-07-16,19:05:25,86c82574-a6ce-4b45-9782-8cb389393682,e295c948-2d3e-45a9-8878-f614d8100eba,1,6981,7133,ManualPlanIDCorrection
2020-07-16 19:05:25,2020-07-16,19:05:25,e812cf60-f8fd-4edc-aafb-4e6a94c94189,59e3fd39-9ec4-43ce-8a63-6f8fdadd3f64,1,6981,7133,ManualPlanIDCorrection
2020-07-16 19:05:25,2020-07-16,19:05:25,42209faa-8e35-4c65-af9d-275339bf502c,a62a3725-4432-4bbb-b766-2f909321d766,1,6981,7133,ManualPlanIDCorrection
2020-07-16 19:05:25,2020-07-16,19:05:25,42209faa-8e35-4c65-af9d-275339bf502c,ff89023e-e1c3-497f-82d4-7bc97e3a83e1,1,6981,7133,ManualPlanIDCorrection
2020-07-16 19:05:25,2020-07-16,19:05:25,77611e93-daec-4cd2-bef4-296d540a8dba,6c2e5347-c26e-451b-ac04-f8c560968aba,1,6981,7133,ManualPlanIDCorrection
2020-07-16 19:05:25,2020-07-16,19:05:25,63a230b3-4c3f-46aa-9716-728880f61736,e22c09cd-8423-44b4-a9ef-cb2eb1efdae4,1,6981,7133,ManualPlanIDCorrection
2020-07-16 19:05:25,2020-07-16,19:05:25,c006f2fc-7aaa-4841-ad7a-cc93c1c9b838,d5b78cc5-41af-4ed0-87d1-a664c6fec51b,1,6981,7133,ManualPlanIDCorrection
2020-07-16 19:05:25,2020-07-16,19:05:25,68c645c5-2f42-41be-b085-6149387a7d95,de39c2ff-40c9-4a43-852a-35277a005483,1,6981,7133,ManualPlanIDCorrection
2020-07-16 19:05:25,2020-07-16,19:05:25,bef3f8e7-15ce-49f7-ab7d-8ae9dac8bdab,3361caaa-74fd-43a4-a152-c07b320d0343,1,6981,7133,ManualPlanIDCorrection
2020-07-16 19:05:25,2020-07-16,19:05:25,fc9c2061-d260-49c1-a1d6-4d8582595529,ef6fc65c-e4b0-4bec-823b-76d7bb7a0bc2,1,6981,7133,ManualPlanIDCorrection
2020-07-16 19:05:25,2020-07-16,19:05:25,33423c30-0894-477d-b1f7-7f3ff277f0fe,e48890e0-3ba9-4ac0-8b67-20a25116f14f,1,6981,7133,ManualPlanIDCorrection
2020-07-16 19:05:25,2020-07-16,19:05:25,4a866648-e634-43cc-8ea6-da221d072745,96238fa8-be6b-4948-be9f-777e41dabe3b,1,6981,7133,ManualPlanIDCorrection
2020-07-16 19:05:25,2020-07-16,19:05:25,6ac7d4ee-f1fd-44a0-90b6-64e29ab0cdd7,7d47071d-d4ca-4337-8f1b-a7f068e7111a,1,6981,7133,ManualPlanIDCorrection
2020-07-16 19:05:25,2020-07-16,19:05:25,dafdfe40-74f9-457f-9e10-298b02dc8ea3,0cd0c19f-1695-47dc-bbd2-048fc567b39b,1,6981,7133,ManualPlanIDCorrection
2020-07-16 19:05:25,2020-07-16,19:05:25,53cb64ca-6be8-404e-a995-0d16e6d995f6,61d990f4-d407-40d7-b15f-cf92fa43ccde,1,6981,7133,ManualPlanIDCorrection
2020-07-16 19:05:25,2020-07-16,19:05:25,a7f4fc42-d4ba-4c25-ae1d-d22c1f46e7a3,ed7e8125-ff28-43c7-9410-7715cfce1081,1,6981,7133,ManualPlanIDCorrection
2020-07-16 19:05:25,2020-07-16,19:05:25,459b2074-afff-4784-93a1-86fdf10541e6,d4f4f93e-1ad6-4521-abe9-856f2ba37926,1,6981,7133,ManualPlanIDCorrection
2020-07-16 19:05:25,2020-07-16,19:05:25,85dc69e2-a6b8-4a8b-aaf8-dbbc28995f06,934cc8af-9744-4542-bad3-5061ef9a873b,1,6981,7133,ManualPlanIDCorrection
2020-07-16 19:05:25,2020-07-16,19:05:25,8af69386-e521-4a71-8db2-0e2bed8be8ae,f0ebfea7-3ef6-46fc-9e97-1d59fcd7edf0,1,6981,7133,ManualPlanIDCorrection
2020-07-16 19:05:25,2020-07-16,19:05:25,209d6249-bece-4b2c-91dc-8f98b3e9d589,a76c139f-3421-429d-ad58-425bc98734b8,1,6981,7133,ManualPlanIDCorrection
2020-07-16 19:05:25,2020-07-16,19:05:25,fac9a546-68c1-45f5-9f29-ae23862e4e13,10d57a62-411b-4e4c-9f67-7b34e0a72e2e,1,6981,7133,ManualPlanIDCorrection
2020-07-16 19:05:25,2020-07-16,19:05:25,0683409a-6dfc-4d62-a5d6-9b84c7e206a1,da85d144-9e4f-4eb2-85ac-72466ad3a578,1,6981,7133,ManualPlanIDCorrection
2020-07-16 19:05:25,2020-07-16,19:05:25,6329f0ad-a362-48bf-8000-837fc8fc6756,66e8ece6-d3c1-49dd-a409-823c3ee4ccd4,1,6981,7133,ManualPlanIDCorrection
2020-07-16 19:05:25,2020-07-16,19:05:25,a8d1ccaf-9053-4867-8d33-287318c43333,a8ed7820-3a7a-4d9f-97f8-6056bc64d6b6,1,6981,7133,ManualPlanIDCorrection
2020-07-16 19:05:25,2020-07-16,19:05:25,6b62f298-63f6-41ac-9408-e7ae46ded594,8480c896-f1f5-4c52-b0f1-d6d9b94ccb0f,1,6981,7133,ManualPlanIDCorrection
2020-07-16 19:05:25,2020-07-16,19:05:25,4d7a15cf-3c6b-4ee5-b8ce-82dfaab5ff50,8abffbfe-7b1a-4ab4-819a-c3387e504386,1,6981,7133,ManualPlanIDCorrection
2020-07-16 19:05:25,2020-07-16,19:05:25,eeec257b-7f4c-4e34-a4ff-c2ec58d8f387,3947e722-5069-451f-a502-fc66d4268f53,1,6981,7133,ManualPlanIDCorrection
2020-07-16 19:05:25,2020-07-16,19:05:25,5acb9362-42a0-4725-8ce9-f2b2e2fe41ea,8449be3d-4ad3-4e51-809b-29d3a98f8fb7,1,6981,7133,ManualPlanIDCorrection
2020-07-16 19:05:25,2020-07-16,19:05:25,1a6680c4-d380-4398-9507-505e4ae7ffa4,63703f2a-6219-4a9d-9bfc-59fd64ac40f4,1,6981,7133,ManualPlanIDCorrection
2020-07-16 19:05:25,2020-07-16,19:05:25,a26459ae-3514-413a-b35f-207665c54697,98d1933f-46e5-4b88-a913-7ab9cb049991,1,6981,7133,ManualPlanIDCorrection
2020-07-16 19:05:25,2020-07-16,19:05:25,d7a75862-ecbd-4ba3-9436-4a291f21742b,6173f5ef-8470-474c-8ff8-35eefbaa671d,1,6981,7133,ManualPlanIDCorrection
2020-07-16 19:05:25,2020-07-16,19:05:25,d927da4c-5509-4088-9a4b-cf96bc5d9e08,bd97b3df-4de9-4394-9d07-87c5488f960f,1,6981,7133,ManualPlanIDCorrection
2020-07-16 19:05:25,2020-07-16,19:05:25,20f0536d-ea8c-4a36-9463-9602d3258066,01f9c732-da43-4754-ad21-9082b982d68d,1,6981,7133,ManualPlanIDCorrection
2020-07-16 19:05:25,2020-07-16,19:05:25,3385f10c-13c9-4262-9c01-5ac8f533a596,d029d137-98fb-4763-8fcd-a2be31f3787a,1,6981,7133,ManualPlanIDCorrection
2020-07-16 19:05:25,2020-07-16,19:05:25,8af9e031-7138-4f93-af4a-afaee81e8d51,38994603-6f41-4cd6-b62a-31f2fb2aa422,1,6981,7133,ManualPlanIDCorrection
2020-07-16 19:05:25,2020-07-16,19:05:25,b31c3975-9475-4d2d-b690-31874b8be4d6,0ca0bd60-665d-4432-8c5a-dfa9f575b7df,1,6981,7133,ManualPlanIDCorrection
2020-07-16 19:05:25,2020-07-16,19:05:25,7e276ef6-0e39-4b2c-868a-56e8d73202ca,21c1f99e-82a4-4a29-a2dd-ea7c604fbc0f,1,6981,7133,ManualPlanIDCorrection
2020-07-16 19:05:25,2020-07-16,19:05:25,bc4ace67-fda4-4e2a-855b-11225ae7e533,75d43d4b-bc89-4dd2-b116-eebff4d6532a,1,6981,7133,ManualPlanIDCorrection
2020-07-16 19:05:25,2020-07-16,19:05:25,675c515c-fc6a-4677-9dad-559c7de0cc0c,8ceb535b-bc3a-4c56-8118-9ffa37f842d4,1,6981,7133,ManualPlanIDCorrection
2020-07-16 19:05:25,2020-07-16,19:05:25,2b492cc8-bef7-4a1d-9cb3-d3c9d08154c5,3316d2b4-75b2-4aee-83d0-221f4e0da195,1,6981,7133,ManualPlanIDCorrection
2020-07-16 19:05:25,2020-07-16,19:05:25,39f762d2-0fc2-492a-af0d-3ef6fff131c5,dc6376e8-b34e-4947-860d-cb326491749a,1,6981,7133,ManualPlanIDCorrection
2020-07-16 19:05:25,2020-07-16,19:05:25,cf716ec8-565e-4282-b719-5b69a71c93d2,5c0b722e-28b8-4699-824d-37d1abf9c1cc,1,6981,7133,ManualPlanIDCorrection
2020-07-16 19:05:25,2020-07-16,19:05:25,f8887c4b-d294-4007-a678-5eb237bb1b60,f4892d2a-1d24-44cc-a7f8-910d98f10aef,1,6981,7133,ManualPlanIDCorrection
2020-07-16 19:05:25,2020-07-16,19:05:25,d1d1b13c-39a7-40b7-8062-11017521b9a3,8293d18e-0101-4a37-ba93-8e82d9989c88,1,6981,7133,ManualPlanIDCorrection
2020-07-16 19:05:25,2020-07-16,19:05:25,b2acae22-708b-4f05-9c42-b17a4341f966,d549bada-7f1b-47e1-976e-ef8d5d356a1d,1,6981,7133,ManualPlanIDCorrection
2020-07-16 19:05:25,2020-07-16,19:05:25,74042766-7939-4476-bb86-362dfdf4a7a4,816d9b93-34bb-42ab-88d7-444704b0693a,1,6981,7133,ManualPlanIDCorrection
2020-07-16 19:05:25,2020-07-16,19:05:25,8955d855-a9bf-4659-966e-99fd3a0f1ee2,95aae9ee-c6dc-4f8e-8d6d-502d7cb6e930,1,6981,7133,ManualPlanIDCorrection
2020-07-16 19:05:25,2020-07-16,19:05:25,1c035f10-e5e3-4321-8d84-81094891fe47,c0426560-8735-4bf7-a2fb-6944cd2731b2,1,6981,7133,ManualPlanIDCorrection
2020-07-16 19:05:25,2020-07-16,19:05:25,d94635f0-dfdc-4f71-965a-d7a06cdb4bf6,44baac89-dd4d-4175-a761-d78cd5c92ec1,1,6981,7133,ManualPlanIDCorrection
2020-07-16 19:05:25,2020-07-16,19:05:25,939f9d8f-48ed-4eb7-8760-5bb55d21c0a7,efb6f227-f3ad-4da2-bd29-9e0b44e3d7e3,1,6981,7133,ManualPlanIDCorrection
2020-07-16 19:05:25,2020-07-16,19:05:25,9471de40-ba2e-49dd-a3b6-63561fcd8cf8,df914a5d-0f3d-442f-b4c5-d205fc4a7c4b,1,6981,7133,ManualPlanIDCorrection
2020-07-16 19:05:25,2020-07-16,19:05:25,9a3f89bb-6531-4f71-922d-4647fed0ff1a,ebce3cac-a464-40f4-8c1e-56c08073f454,1,6981,7133,ManualPlanIDCorrection
2020-07-16 19:05:25,2020-07-16,19:05:25,cd51043c-3060-41ef-b749-97eebfdb15a5,649b64dc-954e-441b-801a-f3059c3365b4,1,6981,7133,ManualPlanIDCorrection
2020-07-16 19:05:25,2020-07-16,19:05:25,003fd112-477d-4ba6-bd37-4e31ac7f5e99,b49dfa20-df69-4edf-afe2-e2a6d26100e3,1,6981,7133,ManualPlanIDCorrection
2020-07-16 19:05:25,2020-07-16,19:05:25,0e3d59c6-80a6-46bd-ac62-3bc76dec9df1,6a727239-eefe-4bca-9af8-9fea375b7881,1,6981,7133,ManualPlanIDCorrection
2020-07-16 19:05:25,2020-07-16,19:05:25,27233f7f-5870-46f3-8bc8-8348747cf699,f0e73d27-ae73-497a-b1b7-d17912210ca1,1,6981,7133,ManualPlanIDCorrection
2020-07-16 19:05:25,2020-07-16,19:05:25,82ad3c7e-17b5-4e18-951e-404dc6f0297c,29785eb8-f82a-48dc-9e2c-f4a0dc6c872b,1,6981,7133,ManualPlanIDCorrection
2020-07-16 19:05:25,2020-07-16,19:05:25,a67131b6-6d02-453f-9c1f-953e58536d8b,afee4b1d-dc53-42c2-bb49-4c2a639684a1,1,6981,7133,ManualPlanIDCorrection
2020-07-16 19:05:25,2020-07-16,19:05:25,c4fafb69-82a5-4dca-9cd0-157fc07359c1,35aa7622-757d-446f-81b7-8729feb2a07b,1,6981,7133,ManualPlanIDCorrection
2020-07-16 19:05:25,2020-07-16,19:05:25,c4fafb69-82a5-4dca-9cd0-157fc07359c1,f11b898e-24fc-4e38-9dc2-e58c053c5cef,1,6981,7133,ManualPlanIDCorrection
2020-07-16 19:05:25,2020-07-16,19:05:25,c4fafb69-82a5-4dca-9cd0-157fc07359c1,70c7446f-12cc-4938-b415-c98affa769b4,1,6981,7133,ManualPlanIDCorrection
2020-07-16 19:05:25,2020-07-16,19:05:25,5fa25c62-f81b-4e23-b812-0f5e504441dd,21452ce7-236b-4a8f-8478-32575a70971e,1,6981,7133,ManualPlanIDCorrection
2020-07-16 19:05:25,2020-07-16,19:05:25,dd433212-7176-478a-ad46-a7d9a58e8445,79b7af14-3111-4ebb-a9c6-cf34d9fab61b,1,6981,7133,ManualPlanIDCorrection
2020-07-16 19:05:25,2020-07-16,19:05:25,ff027638-f067-46bc-9955-95673d802ba2,d5c8f8b6-606a-4e34-8a2f-7ca0095b03ad,1,6981,7133,ManualPlanIDCorrection
2020-07-16 19:05:25,2020-07-16,19:05:25,1e1d5793-c472-4f5a-a88b-a51f8be1e939,e1af9237-c006-429e-962a-1bd96500ae73,1,6981,7133,ManualPlanIDCorrection
2020-07-16 19:05:25,2020-07-16,19:05:25,8736aa1d-1b47-4f28-afbf-c23fe1a8af62,9b7bc859-fbce-43fd-8be5-539310db6231,1,6981,7133,ManualPlanIDCorrection
2020-07-16 19:05:25,2020-07-16,19:05:25,8101f920-3727-4c60-b540-de8f79162869,fd464e55-64b2-461a-9567-2b350a393ee6,1,6981,7133,ManualPlanIDCorrection
2020-07-16 19:05:25,2020-07-16,19:05:25,8101f920-3727-4c60-b540-de8f79162869,c654bd52-e145-43a9-b85b-cbb490b93fe8,1,6981,7133,ManualPlanIDCorrection
2020-07-16 19:05:25,2020-07-16,19:05:25,1e412d0b-528b-45a3-81b3-ce8c9a67088b,b7a25109-98c8-4db5-bd6f-e57f75646044,1,6981,7133,ManualPlanIDCorrection
2020-07-16 19:05:25,2020-07-16,19:05:25,0561dd47-0139-4981-a2e8-6460ccc0d008,f1657fce-2f39-4a1d-8e2e-3a17c8153f02,1,6981,7133,ManualPlanIDCorrection
2020-07-16 19:05:25,2020-07-16,19:05:25,6ae3984c-bf88-4c73-a9bb-a01a2ba793ce,8241ae2c-ac30-4b30-b35f-206b16bca034,1,6981,7133,ManualPlanIDCorrection
2020-07-16 19:05:25,2020-07-16,19:05:25,01621b84-6840-4a58-8d39-7cc76b27f5aa,b65696ec-d319-437b-a0ef-5594f45de0f5,1,6981,7133,ManualPlanIDCorrection
2020-07-16 19:05:25,2020-07-16,19:05:25,e6d25075-4ddf-4b69-a70f-f3fcf99e532b,63284f41-68fc-43ba-a546-3a78ae43d3c4,1,6981,7133,ManualPlanIDCorrection
2020-07-16 19:05:25,2020-07-16,19:05:25,9780c99c-c7cd-429a-8c94-d4b6e6daf347,d19e6b8b-aaef-4d2f-98ff-e12cfec232ad,1,6981,7133,ManualPlanIDCorrection
2020-07-16 19:05:25,2020-07-16,19:05:25,287d1c34-8dbb-4beb-9a35-32a964a39c61,9104143c-b11d-409a-b662-11ac975a2770,1,6981,7133,ManualPlanIDCorrection
2020-07-16 19:05:25,2020-07-16,19:05:25,d24516ad-94a2-451c-a046-1e0900ae87d0,ef75a719-b15b-4598-88a2-1286afe49cb5,1,6981,7133,ManualPlanIDCorrection
2020-07-16 19:05:25,2020-07-16,19:05:25,6d9a09ea-0dac-45d1-9a46-28c5a7c03b17,70400936-a6c0-4441-a497-cfaa15877590,1,6981,7133,ManualPlanIDCorrection
2020-07-16 19:05:25,2020-07-16,19:05:25,e61d35d3-f544-4a6f-8381-306b05d088e8,0db20e74-c76a-49fb-b444-54858ad7923c,1,6981,7133,ManualPlanIDCorrection
2020-07-16 19:05:25,2020-07-16,19:05:25,21bf6299-6119-439e-a06b-f4837b186bfe,adbaba80-6d2c-40ca-8329-2e3a00c3d2ec,1,6981,7133,ManualPlanIDCorrection
2020-07-16 19:05:25,2020-07-16,19:05:25,55e51f6e-2b2f-4a55-8e88-8b354b9b22d2,d184784c-0a63-495d-a27e-e78a9099a3bc,1,6981,7133,ManualPlanIDCorrection
2020-07-16 19:05:25,2020-07-16,19:05:25,0044dc1c-adb0-4e44-b694-3984d0bcd9fc,ddaced75-5da1-460a-b8a3-d56e681bb64d,1,6981,7133,ManualPlanIDCorrection
2020-07-16 19:05:25,2020-07-16,19:05:25,f982b54a-a4b4-48a6-9637-5e74d8bef30c,99636395-e4f0-41ba-b434-e31ac3df53de,1,6981,7133,ManualPlanIDCorrection
2020-07-16 19:05:25,2020-07-16,19:05:25,de743dae-7b9f-44fa-9781-3f42c9eeeaa7,d60cbbe6-e3d2-45c2-a73e-40d5bf98759f,1,6981,7133,ManualPlanIDCorrection
2020-07-16 19:05:25,2020-07-16,19:05:25,7f0eecdb-8753-4834-a970-d5e968a2e2ad,d7c7aebe-5ad5-4698-96ef-4887811a25c9,1,6981,7133,ManualPlanIDCorrection
2020-07-16 19:05:25,2020-07-16,19:05:25,71a58f42-3304-43e8-9923-142c18e5df85,c8bcded3-1cf9-4c97-add4-1fe10ca32775,1,6981,7133,ManualPlanIDCorrection
2020-07-16 19:05:25,2020-07-16,19:05:25,1f82c942-2a97-4b1e-948c-09a44d9a24b4,7bff7c20-e26b-43ab-b9b9-07b7c1c3aaf9,1,6981,7133,ManualPlanIDCorrection
2020-07-16 19:05:25,2020-07-16,19:05:25,e52fb44b-bd76-46fd-847e-de13f556413f,25ac7592-0e2a-4948-b70c-9dae66e52622,1,6981,7133,ManualPlanIDCorrection
2020-07-16 19:05:25,2020-07-16,19:05:25,decde15c-eb50-4274-83fe-23c52be259e0,3a8d784e-ef44-4d5b-b30e-166274c1cdee,1,6981,7133,ManualPlanIDCorrection
2020-07-16 19:05:25,2020-07-16,19:05:25,c5b191e6-ee17-4fa9-9c65-5d709d7490b8,0273f25f-bb32-4609-a5e0-bd88d485235b,1,6981,7133,ManualPlanIDCorrection
2020-07-16 19:05:25,2020-07-16,19:05:25,c4b6698e-8714-445a-a46b-a961c44cf75f,bc487394-41be-4993-ba44-69de1b6092aa,1,6981,7133,ManualPlanIDCorrection
2020-07-16 19:05:25,2020-07-16,19:05:25,9c5a0d59-28e1-4e9f-a4f2-b9836815435e,9e9754e7-8a85-414c-91fd-45ad10187af9,1,6981,7133,ManualPlanIDCorrection
2020-07-16 19:05:25,2020-07-16,19:05:25,4677e3d0-8858-46a7-a289-ff3c72da93dc,503b822f-76d5-4f65-a7fd-3c77df6d1e0b,1,6981,7133,ManualPlanIDCorrection
2020-07-16 19:05:25,2020-07-16,19:05:25,b0526067-02b2-40e8-b03d-06f7392e4172,74defa45-31b4-42cb-8856-9e24c7c979d6,1,6981,7133,ManualPlanIDCorrection
2020-07-16 19:05:25,2020-07-16,19:05:25,eb8dcf62-9a85-4baf-98a9-6fbfec32cf3b,7fed5f38-228e-4f78-82c8-e98e084f1c63,1,6981,7133,ManualPlanIDCorrection
2020-07-16 19:05:25,2020-07-16,19:05:25,ea3490e2-d791-46c3-b86f-1c4b8a01efc7,86d5d36c-d1e6-4c60-9665-ff88704cebeb,1,6981,7133,ManualPlanIDCorrection
2020-07-16 19:05:25,2020-07-16,19:05:25,8ac32e23-10ba-4fd8-9301-8b578a4d9eb2,ee1ed611-3104-417a-9791-f9491df97fbd,1,6981,7133,ManualPlanIDCorrection
2020-07-16 19:05:25,2020-07-16,19:05:25,21ab3b49-0014-4636-a0a7-6ae9db6b6a31,13e28d34-b5c2-4993-b789-8ebaa7292e7a,1,6981,7133,ManualPlanIDCorrection
2020-07-16 19:05:25,2020-07-16,19:05:25,7dee96c1-6e24-4275-bf5b-1785b0272093,9ecc3547-9188-4153-9945-3c77ef82916a,1,6981,7133,ManualPlanIDCorrection
2020-07-16 19:05:25,2020-07-16,19:05:25,b2da68b0-cafa-4ed8-94e4-55e038603d11,e7219236-6d98-4de2-aafd-5b7fc1f19e77,1,6981,7133,ManualPlanIDCorrection
2020-07-16 19:05:25,2020-07-16,19:05:25,ca2a5a1f-0d6e-452a-b09d-8c3cb29fac7c,fc0e21d6-dabd-40a3-8ddd-03d7c3727e00,1,6981,7133,ManualPlanIDCorrection
2020-07-16 19:05:25,2020-07-16,19:05:25,9b2f7823-660f-4adc-8226-7035fe0e2ef6,223e347f-0551-4dde-aeb2-a3e0e61a11ca,1,6981,7133,ManualPlanIDCorrection
2020-07-16 19:05:25,2020-07-16,19:05:25,254b1bd1-9860-424a-91d9-1f0748af94bb,fcc4c8b9-c49a-45c3-8633-1b5d4f10556e,1,6981,7133,ManualPlanIDCorrection
2020-07-16 19:05:25,2020-07-16,19:05:25,a105b56b-cf00-4edf-9409-2b7337d2005a,b2ba4b03-9361-457f-bec8-01bfadcddbf8,1,6981,7133,ManualPlanIDCorrection
2020-07-16 19:05:25,2020-07-16,19:05:25,b3f29b45-981b-4462-946b-f81cfb0aa654,bdc51662-b455-4bd2-bba6-0dc453342e10,1,6981,7133,ManualPlanIDCorrection
2020-07-16 19:05:25,2020-07-16,19:05:25,463e3fc3-53dd-41fb-8a38-512b586aaa01,152e6a3c-647e-4d7a-9bd5-ac924ed0c248,1,6981,7133,ManualPlanIDCorrection
2020-07-16 19:05:25,2020-07-16,19:05:25,cb55d6ec-1605-44bd-b7e8-115089b69c26,2cb7f725-4b0b-489a-8b93-0c5dba3b9a0b,1,6981,7133,ManualPlanIDCorrection
2020-07-16 19:05:25,2020-07-16,19:05:25,b84bc81c-9279-485b-b732-22e4a731a006,9c259104-c0f7-4082-a1ba-41f185dedc59,1,6981,7133,ManualPlanIDCorrection
2020-07-16 19:05:25,2020-07-16,19:05:25,68911078-bf67-42f7-8989-61d3ef5343c0,3c28e386-a181-4518-bf3e-df3fe9d7bac8,1,6981,7133,ManualPlanIDCorrection
2020-07-16 19:05:25,2020-07-16,19:05:25,39cc6176-708f-4544-a8e4-ccb54fde3b14,c100ad97-bb40-4231-a958-1bf446e25786,1,6981,7133,ManualPlanIDCorrection
2020-07-16 19:05:25,2020-07-16,19:05:25,f37e03fb-bc56-4073-acfe-2defd3ded1f7,756823d6-12ff-49cd-9db3-61ca6aac0466,1,6981,7133,ManualPlanIDCorrection
2020-07-16 19:05:25,2020-07-16,19:05:25,3cfc45cb-d496-443d-8124-d14cba91a0f1,71654213-2aa3-4bd4-89d7-f2d929748189,1,6981,7133,ManualPlanIDCorrection
2020-07-16 19:05:25,2020-07-16,19:05:25,aef20666-be5e-49a4-986a-c267ccfc3e1b,d278ad9f-0fab-4811-b788-41d2070993fa,1,6981,7133,ManualPlanIDCorrection
2020-07-16 19:05:25,2020-07-16,19:05:25,aef20666-be5e-49a4-986a-c267ccfc3e1b,133e94ef-22ad-4d11-bd9c-b79d9301e3dc,1,6981,7133,ManualPlanIDCorrection
2020-07-16 19:05:25,2020-07-16,19:05:25,08a7a6ea-0477-4e6f-b82d-1762302936d1,112d4722-6917-4fab-89b3-93216f84ec0b,1,6981,7133,ManualPlanIDCorrection
2020-07-16 19:05:25,2020-07-16,19:05:25,d319f0e3-1338-455b-8ea4-2b9f0fe86394,323e6a59-dd0f-448f-bd09-bb263eec90ad,1,6981,7133,ManualPlanIDCorrection
2020-07-16 19:05:25,2020-07-16,19:05:25,ef3473f4-99b8-4540-bcc3-61646251a987,e7073a5f-1648-46ce-abc0-30eb25527fd6,1,6981,7133,ManualPlanIDCorrection
2020-07-16 19:05:25,2020-07-16,19:05:25,5ca59eab-e2e7-4166-b41c-33caaa1612aa,57c676f0-016b-4868-8667-3cc4f560bfb4,1,6981,7133,ManualPlanIDCorrection
2020-07-16 19:05:25,2020-07-16,19:05:25,805e2a1c-afb0-4086-a1f1-15f5b8ce7293,d339d6b3-58fa-4d51-b1c0-ddbe26224889,1,6981,7133,ManualPlanIDCorrection
2020-07-16 19:05:25,2020-07-16,19:05:25,66edaba6-ec69-45de-9e63-a69d66142228,57947374-dca4-45ea-8ad2-c595eefb5704,1,6981,7133,ManualPlanIDCorrection
2020-07-16 19:05:25,2020-07-16,19:05:25,5c8650cd-13c0-4c52-b182-f80d4b250470,17aa764d-2c5d-4a48-aadd-e91f0fccb583,1,6981,7133,ManualPlanIDCorrection
2020-07-16 19:05:25,2020-07-16,19:05:25,7b23105d-0960-4718-8d41-d5c79237948c,4b48ab66-c144-414e-b170-9a0fbd66f138,1,6981,7133,ManualPlanIDCorrection
2020-07-16 19:05:25,2020-07-16,19:05:25,cf5c9799-b6ea-4aab-96e5-b33822a6ef8c,cf097e03-e233-46f6-8e7c-8362942a0339,1,6981,7133,ManualPlanIDCorrection
2020-07-16 19:05:25,2020-07-16,19:05:25,7c3d31dd-b42e-4edb-806e-844d40dcd0c5,9a1d2211-3395-4e20-8dea-0905057deca5,1,6981,7133,ManualPlanIDCorrection
2020-07-16 19:05:25,2020-07-16,19:05:25,80ca6037-7e59-456b-a262-c915e636968d,0f0a68b5-f03c-40ac-af48-4eee8a99f268,1,6981,7133,ManualPlanIDCorrection
2020-07-16 19:05:25,2020-07-16,19:05:25,f2225a02-8c1f-4f20-9d54-a318e0d1cacb,007433a6-5d5e-43a2-a488-cd73148ecdaf,1,6981,7133,ManualPlanIDCorrection
2020-07-16 19:05:25,2020-07-16,19:05:25,87a3f208-5e6f-4d68-8653-a0b6615a10fd,47a95622-4fdf-448f-a660-875a0b7b88d9,1,6981,7133,ManualPlanIDCorrection
2020-07-16 19:05:25,2020-07-16,19:05:25,1b71e08c-9767-4fea-843f-77200be2b2d8,f855f267-a48b-4bdc-9e94-675a42747191,1,6981,7133,ManualPlanIDCorrection
2020-07-16 19:05:25,2020-07-16,19:05:25,c93046fc-a398-426f-ac0b-1b45a683ca66,91fa951b-3041-4a59-ac05-f82b11ba7337,1,6981,7133,ManualPlanIDCorrection
2020-07-16 19:05:25,2020-07-16,19:05:25,6baa0736-92e5-4cd9-b831-166e84556df3,1805e74c-4f06-4e69-9417-65e71f6f0d96,1,6981,7133,ManualPlanIDCorrection
2020-07-16 19:05:25,2020-07-16,19:05:25,15afc81d-e04d-4213-a9d6-51997a00f773,8e8e7336-7907-4bdd-999d-68c2c619b39e,1,6981,7133,ManualPlanIDCorrection
2020-07-16 19:05:25,2020-07-16,19:05:25,9e89cccc-0a50-436a-8e64-673d00e099db,abc8af37-4570-4950-bc9e-386091a98008,1,6981,7133,ManualPlanIDCorrection
2020-07-16 19:05:25,2020-07-16,19:05:25,c357b113-34a7-4fde-a816-3b9fa07ced8d,dd7e7470-78c3-4aa6-92b4-10c87410d42c,1,6981,7133,ManualPlanIDCorrection
2020-07-16 19:05:25,2020-07-16,19:05:25,f5843603-481e-413a-8a8d-beeae7b6c629,8d1f653c-0739-43a9-a1bd-fa8dc9f49447,1,6981,7133,ManualPlanIDCorrection
2020-07-16 19:05:25,2020-07-16,19:05:25,431676f0-94df-4fee-941f-1f60d081e74d,8c279b2f-747a-485e-a474-44eb4d3acca5,1,6981,7133,ManualPlanIDCorrection
2020-07-16 19:05:25,2020-07-16,19:05:25,fc9d9e24-0feb-4259-be0d-8dcd8088ea35,cbe2bccb-0cf6-439a-ba95-02ac7a4c3d84,1,6981,7133,ManualPlanIDCorrection
2020-07-16 19:05:25,2020-07-16,19:05:25,d01c8df1-69fa-4de6-9c07-622d8815fb04,d69f6e95-c323-47bc-946b-4c683a4f4703,1,6981,7133,ManualPlanIDCorrection
2020-07-16 19:05:25,2020-07-16,19:05:25,bb137437-d1ad-4e76-a0eb-76de14a86ace,a9810fe5-efcf-4afb-b575-6cf642a31f2b,1,6981,7133,ManualPlanIDCorrection
2020-07-16 19:05:25,2020-07-16,19:05:25,a031a1e3-4118-40dc-abd2-674a0248ec98,f69b6ccf-066c-4fd7-be2c-983a8bfc0290,1,6981,7133,ManualPlanIDCorrection
2020-07-16 19:05:25,2020-07-16,19:05:25,e479cda0-76e3-48b4-81af-071b61742119,8ad94b8b-52a7-4fa7-a60f-23b73ca42b9c,1,6981,7133,ManualPlanIDCorrection
2020-07-16 19:05:25,2020-07-16,19:05:25,6e6ecb0c-b413-45eb-a96e-7319b60f52fd,723ca67c-91cd-4b37-a3f9-81b7654b1432,1,6981,7133,ManualPlanIDCorrection
2020-07-16 19:05:25,2020-07-16,19:05:25,d0592c4c-a7f0-41e1-91fb-9e0aba979a3c,a29a4049-8921-49cd-bdce-0556d6bc25ef,1,6981,7133,ManualPlanIDCorrection
2020-07-16 19:05:25,2020-07-16,19:05:25,e9cea223-0133-4038-b3ff-32013ccdbe6b,c13ed9ef-6bf9-4ed5-9028-30225390ba08,1,6981,7133,ManualPlanIDCorrection
2020-07-16 19:05:25,2020-07-16,19:05:25,d0295395-536a-4dab-8fd0-eebaecfab965,da055ae7-7f72-4edc-9921-db34bf0dff09,1,6981,7133,ManualPlanIDCorrection
2020-07-16 19:05:25,2020-07-16,19:05:25,da387e5f-e43b-4b40-a7ba-2a06e916f3c7,0d38447e-044b-4d56-bdd6-10f9535f91bd,1,6981,7133,ManualPlanIDCorrection
2020-07-16 19:05:25,2020-07-16,19:05:25,04816d4b-21b3-4128-aa54-1cb9f7302da5,f602fade-bc12-42b0-9d12-d8a933765357,1,6981,7133,ManualPlanIDCorrection
2020-07-16 19:05:25,2020-07-16,19:05:25,0151253d-0be3-4a6f-8297-51207b0e913c,9fadf5a8-d068-4a0e-8743-82d697f00cf6,1,6981,7133,ManualPlanIDCorrection
2020-07-16 19:05:25,2020-07-16,19:05:25,44f3d248-7f65-435a-93c3-7924894c158d,90917ac4-0135-417c-9c37-e5a5d1cd4c4b,1,6981,7133,ManualPlanIDCorrection
2020-07-16 19:05:25,2020-07-16,19:05:25,5393a23b-5a8c-4403-a77b-0ddf8c09ca30,434fc6a3-eb6c-4107-8883-f960ac806bd9,1,6981,7133,ManualPlanIDCorrection
2020-07-16 19:05:25,2020-07-16,19:05:25,eda382d6-1323-4d21-b83e-b3ff20221b34,da37fe29-80ee-463f-b3a2-a44889ddd089,1,6981,7133,ManualPlanIDCorrection
2020-07-16 19:05:25,2020-07-16,19:05:25,48faa436-90f4-475c-ab56-9d6a043b9aaa,d81365de-141c-4a21-bf7c-fb5497af4540,1,6981,7133,ManualPlanIDCorrection
2020-07-16 19:05:25,2020-07-16,19:05:25,409564e8-bffe-4289-b104-fe325906bc11,65774e79-3f03-4c1c-b81a-22b4520fa3f0,1,6981,7133,ManualPlanIDCorrection
2020-07-16 19:05:25,2020-07-16,19:05:25,138cbbeb-5de0-4e80-b254-62777224c199,89264ced-46fa-41fc-8ef4-8547302387ea,1,6981,7133,ManualPlanIDCorrection
2020-07-16 19:05:25,2020-07-16,19:05:25,ff445b09-27be-445f-8326-dca9665dbc45,c44be4dd-c679-4450-a24e-357e2d7a67a1,1,6981,7133,ManualPlanIDCorrection
2020-07-16 19:05:25,2020-07-16,19:05:25,ff445b09-27be-445f-8326-dca9665dbc45,f44de49f-9dee-4585-a77f-c1b99f9c86c6,1,6981,7133,ManualPlanIDCorrection
2020-07-16 19:05:25,2020-07-16,19:05:25,467eca23-9c0f-404b-9234-b6406877c2b5,979cf24a-733e-47b5-8dfd-44b3ce9a7d1c,1,6981,7133,ManualPlanIDCorrection
2020-07-16 19:05:25,2020-07-16,19:05:25,076503fc-171d-4277-9ef8-5e8f53e03836,c5e6b038-cf25-4c1c-be1a-efaf3e612aa8,1,6981,7133,ManualPlanIDCorrection
2020-07-16 19:05:25,2020-07-16,19:05:25,076503fc-171d-4277-9ef8-5e8f53e03836,be344563-e885-4384-84e9-7cda558997dd,1,6981,7133,ManualPlanIDCorrection
