<?xml version="1.0"?>
<BCPFORMAT xmlns="http://schemas.microsoft.com/sqlserver/2004/bulkload/format" xmlns:xsi="http://www.w3.org/2001/XMLSchema-instance">
 <RECORD>
  <FIELD ID="1" xsi:type="CharTerm" TERMINATOR="," MAX_LENGTH="240" COLLATION="SQL_Latin1_General_CP1_CI_AS"/>
  <FIELD ID="2" xsi:type="CharTerm" TERMINATOR="," MAX_LENGTH="240" COLLATION="SQL_Latin1_General_CP1_CI_AS"/>
  <FIELD ID="3" xsi:type="CharTerm" TERMINATOR="," MAX_LENGTH="240" COLLATION="SQL_Latin1_General_CP1_CI_AS"/>
  <FIELD ID="4" xsi:type="CharTerm" TERMINATOR="," MAX_LENGTH="240" COLLATION="SQL_Latin1_General_CP1_CI_AS"/>
  <FIELD ID="5" xsi:type="CharTerm" TERMINATOR="," MAX_LENGTH="240" COLLATION="SQL_Latin1_General_CP1_CI_AS"/>
  <FIELD ID="6" xsi:type="CharTerm" TERMINATOR="," MAX_LENGTH="240" COLLATION="SQL_Latin1_General_CP1_CI_AS"/>
  <FIELD ID="7" xsi:type="CharTerm" TERMINATOR="," MAX_LENGTH="240" COLLATION="SQL_Latin1_General_CP1_CI_AS"/>
  <FIELD ID="8" xsi:type="CharTerm" TERMINATOR="," MAX_LENGTH="240" COLLATION="SQL_Latin1_General_CP1_CI_AS"/>
  <FIELD ID="9" xsi:type="CharTerm" TERMINATOR="," MAX_LENGTH="240" COLLATION="SQL_Latin1_General_CP1_CI_AS"/>
  <FIELD ID="10" xsi:type="CharTerm" TERMINATOR="," MAX_LENGTH="240" COLLATION="SQL_Latin1_General_CP1_CI_AS"/>
  <FIELD ID="11" xsi:type="CharTerm" TERMINATOR="," MAX_LENGTH="240" COLLATION="SQL_Latin1_General_CP1_CI_AS"/>
  <FIELD ID="12" xsi:type="CharTerm" TERMINATOR="\n" MAX_LENGTH="240" COLLATION="SQL_Latin1_General_CP1_CI_AS"/>
 </RECORD>
 <ROW>
  <COLUMN SOURCE="1" NAME="Report_Date" xsi:type="SQLVARYCHAR"/>
  <COLUMN SOURCE="2" NAME="Business_Date" xsi:type="SQLVARYCHAR"/>
  <COLUMN SOURCE="3" NAME="Batch_Timestamp" xsi:type="SQLVARYCHAR"/>
  <COLUMN SOURCE="4" NAME="Account_UUID" xsi:type="SQLVARYCHAR"/>
  <COLUMN SOURCE="5" NAME="Plan_UUID" xsi:type="SQLVARYCHAR"/>
  <COLUMN SOURCE="6" NAME="Schedule_ID" xsi:type="SQLVARYCHAR"/>
  <COLUMN SOURCE="7" NAME="Institution_ID" xsi:type="SQLVARYCHAR"/>
  <COLUMN SOURCE="8" NAME="Product_ID" xsi:type="SQLVARYCHAR"/>
  <COLUMN SOURCE="9" NAME="Error" xsi:type="SQLVARYCHAR"/>
  <COLUMN SOURCE="10" NAME="Error_Message" xsi:type="SQLVARYCHAR"/>
  <COLUMN SOURCE="11" NAME="Field_Path" xsi:type="SQLVARYCHAR"/>
  <COLUMN SOURCE="12" NAME="AccountNumber" xsi:type="SQLVARYCHAR"/>
 </ROW>
</BCPFORMAT>