<?xml version="1.0"?>
<BCPFORMAT xmlns="http://schemas.microsoft.com/sqlserver/2004/bulkload/format" xmlns:xsi="http://www.w3.org/2001/XMLSchema-instance">
 <RECORD>
  <FIELD ID="1" xsi:type="CharTerm" TERMINATOR="," MAX_LENGTH="240" COLLATION="SQL_Latin1_General_CP1_CI_AS"/>
  <FIELD ID="2" xsi:type="CharTerm" TERMINATOR="," MAX_LENGTH="240" COLLATION="SQL_Latin1_General_CP1_CI_AS"/>
  <FIELD ID="3" xsi:type="CharTerm" TERMINATOR="," MAX_LENGTH="240" COLLATION="SQL_Latin1_General_CP1_CI_AS"/>
  <FIELD ID="4" xsi:type="CharTerm" TERMINATOR="," MAX_LENGTH="240" COLLATION="SQL_Latin1_General_CP1_CI_AS"/>
  <FIELD ID="5" xsi:type="CharTerm" TERMINATOR="," MAX_LENGTH="240" COLLATION="SQL_Latin1_General_CP1_CI_AS"/>
  <FIELD ID="6" xsi:type="CharTerm" TERMINATOR="," MAX_LENGTH="240" COLLATION="SQL_Latin1_General_CP1_CI_AS"/>
  <FIELD ID="7" xsi:type="CharTerm" TERMINATOR="," MAX_LENGTH="240" COLLATION="SQL_Latin1_General_CP1_CI_AS"/>
  <FIELD ID="8" xsi:type="CharTerm" TERMINATOR="\n" MAX_LENGTH="240" COLLATION="SQL_Latin1_General_CP1_CI_AS"/>
 </RECORD>
 <ROW>
  <COLUMN SOURCE="1" NAME="[Invoice Id]" xsi:type="SQLVARYCHAR"/>
  <COLUMN SOURCE="2" NAME="[Invoice Create Ts]" xsi:type="SQLVARYCHAR"/>
  <COLUMN SOURCE="3" NAME="[Transaction Method]" xsi:type="SQLVARYCHAR"/>
  <COLUMN SOURCE="4" NAME="[Transaction Type]" xsi:type="SQLVARYCHAR"/>
  <COLUMN SOURCE="5" NAME="[Response Id]" xsi:type="SQLVARYCHAR"/>
  <COLUMN SOURCE="6" NAME="[Pan Last 4 Nr]" xsi:type="SQLVARYCHAR"/>
  <COLUMN SOURCE="7" NAME="[Amount]" xsi:type="SQLVARYCHAR"/>
  <COLUMN SOURCE="8" NAME="[Publish Ts]" xsi:type="SQLVARYCHAR"/>
 </ROW>
</BCPFORMAT>